Company;Type;Reg.nr.;PAX;YOM;
IFLY S.A;Agusta - AW109 Power;SX-HKV;5;2003;Helicopter
Life Line Aviation;Agusta A109 C;SX-HTK;7;1991;Helicopter
Hoverfly Divisione Sam S.R.L.;Agusta A109S;I-HFLY;6;2021;Helicopter
Air-Dynamic (Operated by Esperia Aviation Services S.p.A.);Agusta A109S Grand;I-ESPA;6;2009;Helicopter
Air-Dynamic (Operated by Esperia Aviation Services S.p.A.);Agusta A109S Grand;I-ESPI;6;2010;Helicopter
Set Air;Agusta AB139;TC-HLK;7;2022;VIP Airliner
Swiss Group International SGI AG (Operated by Sky Vision Airlines);Airbus  A320;SU-SKB;180;2004;Airliner
Mayfair Jets DWC LLC (Operated by AlMasria Universal Airlines);Airbus  A321;SU-TCL;220;2013;Airliner
DC Aviation Al Futtaim LLC (Operated by DC AVIATION SAN MARINO S.R.L.);Airbus 318 Elite;T7-ELSA;19;2010;VIP Airliner
Amelia (Operated by Amelia International);Airbus 319 Long Range;OE-LIA;60;2004;VIP Airliner
Global Jet Luxembourg S.A. (Operated by Global Jet Aruba V.B.A.);Airbus 320 Corporate Jet;P4-HSJ;31;2012;VIP Airliner
Air X;Airbus 340 VIP;9H-BIG;100;2000;Airliner
Druk Asia (Operated by Drukair Corporation Limited);Airbus A319;A5-RGG;118;2004;VIP Airliner
Amelia (Operated by Amelia International);Airbus A319;F-HDSJ;68;2008;VIP Airliner
Global Jet Luxembourg S.A. (Operated by Global Jet Aruba V.B.A.);Airbus A330;P4-MLO;30;2002;VIP Airliner
Comlux Aviation;Airbus ACJ318;9H-BDONE;18;2013;VIP Airliner
Comlux Aviation;Airbus ACJ319;9H-TBN;19;2012;VIP Airliner
Emirates;Airbus ACJ319;A6-CJE;19;2012;VIP Airliner
Rotana Jet;Airbus ACJ319;A6-RRJ;50;2012;VIP Airliner
Qatar Executive;Airbus ACJ319;A7-HHJ;19;2000;VIP Airliner
K5-Aviation;Airbus ACJ319neo;D-ANEO;19;2020;VIP Airliner
Global Jet Luxembourg S.A.;Airbus ACJ319neo;LX-NYX;10;2023;VIP Airliner
Acropolis Aviation Ltd;Airbus ACJ320neo;G-KELT;19;2019;VIP Airliner
K5-Aviation;Airbus ACJ330-300;D-AXEO;32;2021;VIP Airliner
MJet GmbH;Airbus Corporate Jetliner;OE-ICE;19;2011;VIP Airliner
LIFE Srl Unipersonale (Operated by MyCopter srl);Airbus EC135;9H-VIP;6;2001;Helicopter
Air-Dynamic (Operated by Star Work Sky S.A.S.);AIRBUS Helicopter AS350 B3;I-HASB;5;2010;Helicopter
Flapper Technologies LLC (Operated by Bravo Táxi Aéreo);AIRBUS Helicopter AS350 B3;PS-EII;5;2024;Helicopter
SOZJET HAVACILIK ANONİM ŞİRKETİ (Operated by Skyline Aviation);AW-109SP;TC-HME;5;2013;Helicopter
FCM JETS Group Ltd;Beechjet 400A;9H-YFJ;7;1999;Light Jet
JetBee Czech s.r.o.;Beechjet 400A;OK-BEE;8;2004;Light Jet
Smart Jet Sp z o.o.;Beechjet 400A;SP-TAT;7;2000;Light Jet
Mayfair Jets DWC LLC (Operated by AlMasria Universal Airlines);Boeing 737-400;SU-TCK;168;1998;Airliner
Oryx Jet (Operated by Comlux Aviation);Boeing 737-500 VIP;9H-MAC;56;1991;Airliner
Royal Jet;Boeing 737-700;A6-RJK;58;2007;Airliner
Comlux Aviation (Operated by Comlux Aruba);Boeing 767-200 VIP;P4-CLA;51;2002;Airliner
Air X;Boeing BBJ;9H-ELF;12;2001;VIP Airliner
Jet Aviation Business Jets AG (Operated by Jet Aviation Flight Services (Malta) Ltd.);Boeing BBJ;9H-GGG;15;2013;VIP Airliner
Royal Jet;Boeing BBJ;A6-AIN;46;1999;VIP Airliner
Royal Jet;Boeing BBJ;A6-DAS;46;2000;VIP Airliner
Royal Jet;Boeing BBJ;A6-RJA;19;2010;VIP Airliner
Royal Jet;Boeing BBJ;A6-RJF;19;2018;VIP Airliner
Royal Jet;Boeing BBJ;A6-RJU;34;2015;VIP Airliner
Royal Jet;Boeing BBJ;A6-RJV;34;2015;VIP Airliner
Royal Jet;Boeing BBJ;A6-RJZ;52;1999;VIP Airliner
Empire Aviation Group (Operated by Empire Aviation San Marino SRL.);Boeing BBJ;T7-HAS;18;2010;VIP Airliner
EAC Group (Operated by Avcon Jet SRL);Boeing BBJ;T7-MAK;17;2010;VIP Airliner
Global Jet Luxembourg S.A.;Boeing BBJ 3;LX-DIO;19;2016;VIP Airliner
DAS Private Jets GmbH;Challenger 300;D-BEAM;8;2014;Super Midsize Jet
Windrose Air;Challenger 300;D-BUBI;9;2007;Super Midsize Jet
Goldeck-Flug;Challenger 300;OE-HCA;8;2010;Super Midsize Jet
Elio Jet a.s.;Challenger 300;OK-AOA;9;2011;Super Midsize Jet
1903 Aviation AB;Challenger 300;SE-RMA;9;2006;Super Midsize Jet
OSCAR HAVACILIK TURIZM VE MEDYA HIZMETLERI SANAYI TICARET ANONIM SIRKETI (Operated by Bonair);Challenger 300;TC-EAR;9;2010;Super Midsize Jet
Pijet Havacilik Turizm ve Danismanlik Hizmetleri Ticaret Limited Sirketi (Operated by Genel Havacilik A.S.);Challenger 300;TC-SPL;8;2013;Super Midsize Jet
Toyo Aviation;Challenger 300;YR-TRC;9;2009;Super Midsize Jet
Vista (Operated by VistaJet Ltd);Challenger 350;9H-CEA;8;2017;Super Midsize Jet
Air Charter Scotland;Challenger 350;9H-MRT;9;2014;Super Midsize Jet
Vista (Operated by VistaJet Ltd);Challenger 350;9H-VCA;8;2014;Super Midsize Jet
Vista (Operated by VistaJet Ltd);Challenger 350;9H-VCB;8;2014;Super Midsize Jet
Vista (Operated by VistaJet Ltd);Challenger 350;9H-VCC;8;2015;Super Midsize Jet
Vista (Operated by VistaJet Ltd);Challenger 350;9H-VCD;8;2015;Super Midsize Jet
Vista (Operated by VistaJet Ltd);Challenger 350;9H-VCE;8;2015;Super Midsize Jet
Vista (Operated by VistaJet Ltd);Challenger 350;9H-VCF;8;2015;Super Midsize Jet
Vista (Operated by VistaJet Ltd);Challenger 350;9H-VCG;8;2015;Super Midsize Jet
Vista (Operated by VistaJet Ltd);Challenger 350;9H-VCJ;8;2015;Super Midsize Jet
Vista (Operated by VistaJet Ltd);Challenger 350;9H-VCK;8;2015;Super Midsize Jet
Vista (Operated by VistaJet Ltd);Challenger 350;9H-VCL;8;2016;Super Midsize Jet
Vista (Operated by VistaJet Ltd);Challenger 350;9H-VCM;8;2016;Super Midsize Jet
Vista (Operated by VistaJet Ltd);Challenger 350;9H-VCN;8;2016;Super Midsize Jet
Vista (Operated by VistaJet Ltd);Challenger 350;9H-VCO;8;2016;Super Midsize Jet
Vista (Operated by VistaJet Ltd);Challenger 350;9H-VCP;8;2021;Super Midsize Jet
Vista (Operated by VistaJet Ltd);Challenger 350;9H-VCQ;8;2022;Super Midsize Jet
Vista (Operated by VistaJet Ltd);Challenger 350;9H-VCR;8;2022;Super Midsize Jet
Vista (Operated by VistaJet Ltd);Challenger 350;9H-VCS;8;2022;Super Midsize Jet
Vista (Operated by VistaJet Ltd);Challenger 350;9H-VCT;8;2022;Super Midsize Jet
Vista (Operated by VistaJet Ltd);Challenger 350;9H-VCU;8;2022;Super Midsize Jet
Vista (Operated by VistaJet Ltd);Challenger 350;9H-VCV;8;2022;Super Midsize Jet
Vista (Operated by VistaJet Ltd);Challenger 350;9H-VCW;8;2016;Super Midsize Jet
Vista (Operated by VistaJet Ltd);Challenger 350;9H-VCX;8;2015;Super Midsize Jet
Vista (Operated by VistaJet Ltd);Challenger 350;9H-VCY;8;2016;Super Midsize Jet
Vista (Operated by VistaJet Ltd);Challenger 350;9H-VCZ;8;2016;Super Midsize Jet
Sundt Air;Challenger 350;LN-STB;8;2016;Super Midsize Jet
Gojet247 (Operated by Alba Jet S.A.);Challenger 350;LV-HAT;8;2017;Super Midsize Jet
Global Jet Luxembourg S.A.;Challenger 350;LX-GJM;8;2019;Super Midsize Jet
Magna Aviation (Operated by SPARFELL Luftfahrt GmbH);Challenger 350;OE-HAA;8;2018;Super Midsize Jet
SPARFELL Luftfahrt GmbH;Challenger 350;OE-HCU;9;2021;Super Midsize Jet
Glock Aviation GmbH;Challenger 350;OE-HGG;8;2016;Super Midsize Jet
Avcon Jet AG;Challenger 350;OE-HNL;9;2020;Super Midsize Jet
EFS European Flight Service;Challenger 350;SE-RNR;8;2018;Super Midsize Jet
EFS European Flight Service;Challenger 350;SE-RNT;8;2021;Super Midsize Jet
VOLUXIS (Operated by Voluxis San Marino);Challenger 350;T7-DNK;9;2017;Super Midsize Jet
Bikinijet (Operated by BKNJET HAVACILIK A.Ş.);Challenger 350;TC-AKS;9;2017;Super Midsize Jet
Avcon Jet AG (Operated by Avcon Jet Malta Ltd);Challenger 3500;9H-CHL;9;2025;Super Midsize Jet
Air Corporate S.R.L.;Challenger 3500;9H-LRST;9;2026;Super Midsize Jet
Avcon Jet AG (Operated by Avcon Jet Malta Ltd);Challenger 3500;9H-MAAM;6;2024;Super Midsize Jet
Aero-Dienst GmbH;Challenger 3500;D-BGAC;9;2023;Super Midsize Jet
Avcon Jet AG;Challenger 3500;OE-HEJ;6;2025;Super Midsize Jet
Glock Aviation GmbH;Challenger 3500;OE-HGL;8;2024;Super Midsize Jet
Avcon Jet AG;Challenger 3500;OE-HOZ;9;2024;Super Midsize Jet
Blackbird Air  A/S;Challenger 3500;OY-CHL;9;2024;Super Midsize Jet
Jet Story;Challenger 3500;SP-CUD;9;2023;Super Midsize Jet
Jet Story;Challenger 3500;SP-IRT;9;2023;Super Midsize Jet
Arkasair;Challenger 3500;TC-ARK;8;2023;Super Midsize Jet
Avcon Jet AG (Operated by Avcon Jet SRL);Challenger 601;T7-MNG;9;1992;Heavy Jet
Volare Aviation Ltd;Challenger 604;2-HWDN;10;2002;Heavy Jet
Volare Aviation Ltd;Challenger 604;2-NITE;12;2005;Heavy Jet
Volare Aviation Ltd;Challenger 604;2-RANI;12;2001;Heavy Jet
Air X;Challenger 604;9H-ATGT;8;2002;Heavy Jet
Vista (Operated by VistaJet Ltd);Challenger 604;9H-VFK;10;2000;Heavy Jet
Air Independence;Challenger 604;D-AAAX;10;2004;Heavy Jet
Air Independence;Challenger 604;D-AAAY;12;2006;Heavy Jet
Air Independence;Challenger 604;D-AEOM;12;2006;Heavy Jet
FAI Ambulance (Operated by FAI rent-a-jet);Challenger 604;D-AFAA;4;1998;Heavy Jet
FAI rent-a-jet;Challenger 604;D-AFAB;12;1998;Heavy Jet
FAI Ambulance (Operated by FAI rent-a-jet);Challenger 604;D-AFAD;4;1997;Heavy Jet
MHS Aviation GmbH;Challenger 604;D-ANGB;8;2002;Heavy Jet
Air Independence;Challenger 604;D-ATMJ;10;2003;Heavy Jet
Air Independence;Challenger 604;OE-ITH;10;2006;Heavy Jet
Jetflite;Challenger 604;OH-WIC;18;2000;Heavy Jet
Luxaviation Luxembourg (Operated by Luxaviation San Marino S.R.L.);Challenger 604;T7-DYN;5;2005;Heavy Jet
Luxaviation (Operated by Luxaviation San Marino S.R.L.);Challenger 604;T7-GOSHI;11;2000;Heavy Jet
Jet Globe;Challenger 604;TC-TRS;9;2004;Heavy Jet
Mira Aviation (Operated by Union Aviation);Challenger 604;YL-TIM;10;2003;Heavy Jet
ElitAvia Malta Ltd.;Challenger 605;9H-ALD;9;2008;Heavy Jet
Gestair Aviation Malta;Challenger 605;9H-OWL;10;2013;Heavy Jet
Vista (Operated by VistaJet Ltd);Challenger 605;9H-VFA;12;2014;Heavy Jet
Vista (Operated by VistaJet Ltd);Challenger 605;9H-VFB;12;2014;Heavy Jet
Vista (Operated by VistaJet Ltd);Challenger 605;9H-VFC;12;2014;Heavy Jet
Vista (Operated by VistaJet Ltd);Challenger 605;9H-VFD;12;2014;Heavy Jet
Vista (Operated by VistaJet Ltd);Challenger 605;9H-VFE;12;2014;Heavy Jet
Vista (Operated by VistaJet Ltd);Challenger 605;9H-VFF;12;2014;Heavy Jet
Vista (Operated by VistaJet Ltd);Challenger 605;9H-VFG;12;2014;Heavy Jet
Vista (Operated by VistaJet Ltd);Challenger 605;9H-VFH;12;2014;Heavy Jet
Vista (Operated by VistaJet Ltd);Challenger 605;9H-VFI;12;2014;Heavy Jet
Vista (Operated by VistaJet Ltd);Challenger 605;9H-VFJ;12;2014;Heavy Jet
Vista (Operated by VistaJet Ltd);Challenger 605;9H-VFM;12;2010;Heavy Jet
Vista (Operated by VistaJet Ltd);Challenger 605;9H-VFN;12;2007;Heavy Jet
Vista (Operated by VistaJet Ltd);Challenger 605;9H-VFO;12;2008;Heavy Jet
Vista (Operated by VistaJet Ltd);Challenger 605;9H-VFP;12;2010;Heavy Jet
Vista (Operated by VistaJet Ltd);Challenger 605;9H-VFR;12;2010;Heavy Jet
Vista (Operated by VistaJet Ltd);Challenger 605;9H-VFS;12;2009;Heavy Jet
Falcon Aviation Services;Challenger 605;A6-FAM;10;2014;Heavy Jet
Gulf Wings FZE;Challenger 605;A6-SAJ;12;2011;Heavy Jet
Aviation Services Management FZE (Operated by ASM AIR);Challenger 605;A6-VGG;9;2010;Heavy Jet
Gulf Wings FZE;Challenger 605;A6-YES;12;2014;Heavy Jet
PANAVIATIC AS;Challenger 605;ES-BTC;11;2008;Heavy Jet
European Air Ambulance;Challenger 605;LX-AMB;6;2009;Heavy Jet
EGT JET LTD.;Challenger 605;LZ-VPI;9;2008;Heavy Jet
ABS Jets;Challenger 605;OK-WAY;10;2013;Heavy Jet
Eclair s.r.o.;Challenger 605;OKBPS;12;2014;Heavy Jet
ASL (Operated by JetNetherlands BV);Challenger 605;PH-HWM;10;2014;Heavy Jet
AMC Aviation;Challenger 605;SP-AMC;11;2008;Heavy Jet
Bluedot Charters and Air Ambulance Services Co. (Operated by Gainjet Aviation S.A.);Challenger 605;SX-DHB;7;2012;Heavy Jet
Alexjet (Operated by Alex Jets San Marino S.R.L.);Challenger 605;T7-ALX1;11;2013;Heavy Jet
Sky Lounge Services;Challenger 605;T7-BCH;12;2010;Heavy Jet
Alexjet (Operated by Alex Jets San Marino S.R.L.);Challenger 605;T7-KBI;8;2008;Heavy Jet
AXIS Aviation AG;Challenger 605;T7-POL;8;2008;Heavy Jet
TAG Aviation UK;Challenger 650;9H-CCH;8;2018;Heavy Jet
TAG Aviation UK;Challenger 650;9H-JJC;11;2017;Heavy Jet
Luxaviation (Operated by London Executive Aviation);Challenger 650;G-VNOR;8;2016;Heavy Jet
RCR JETS AG (Operated by Premium Jet GmbH);Challenger 650;OE-LUA;8;2019;Heavy Jet
Jetflite;Challenger 650;OH-WIW;12;2020;Heavy Jet
Time Air;Challenger 650;OK-RHO;11;2018;Heavy Jet
Eclair s.r.o.;Challenger 650;OKRBJ;12;2015;Heavy Jet
AEROFUEL SOLUTIONS (Operated by FTC Aviation Srl);Challenger 650;T7-MIN;11;2018;Heavy Jet
Swan Aviation;Challenger 650;TC-ERM;12;2020;Heavy Jet
Fiba Air;Challenger 650;TC-FNH;12;2017;Heavy Jet
Air X;Challenger 850;9H-AMY;13;2007;Heavy Jet
Air X;Challenger 850;9H-BOO;15;2007;Heavy Jet
Air X;Challenger 850;9H-CLG;12;2008;Heavy Jet
Air X;Challenger 850;9H-CWM;14;2010;Heavy Jet
Air X;Challenger 850;9H-DOM;13;2008;Heavy Jet
Vista (Operated by VistaJet Ltd);Challenger 850;9H-ILA;14;2009;Heavy Jet
Vista (Operated by VistaJet Ltd);Challenger 850;9H-ILB;14;2010;Heavy Jet
Vista (Operated by VistaJet Ltd);Challenger 850;9H-ILI;14;2005;Heavy Jet
Vista (Operated by VistaJet Ltd);Challenger 850;9H-ILV;14;2008;Heavy Jet
Vista (Operated by VistaJet Ltd);Challenger 850;9H-ILY;14;2007;Heavy Jet
Vista (Operated by VistaJet Ltd);Challenger 850;9H-ILZ;14;2008;Heavy Jet
Air X;Challenger 850;9H-JAD;16;2007;Heavy Jet
Air X;Challenger 850;9H-JOY;15;2002;Heavy Jet
Neo Havacilik Anonim Sirketi (Operated by Hyperion Aviation ltd);Challenger 850;9H-SAR;13;2007;Heavy Jet
Air X;Challenger 850;9H-YOU;16;2009;Heavy Jet
CEOJETSET (Operated by PT. Jet Eksekutif Travya (JETSET));Challenger 850;PK-KAS;15;2009;Heavy Jet
Guven Air Havacılık Sanayi ve Ticaret Anonim Şirketi;Challenger 850;TC-GVN;15;2007;Heavy Jet
Plures (Operated by BE AERO HAVACILIK A.Ş);Challenger 850;TC-TAC;15;2012;Heavy Jet
Euro Link;Citation Bravo;D-CELI;9;2002;Light Jet
Euro Link;Citation Bravo;D-CESA;8;2003;Light Jet
The Little Jet Company Ltd (Operated by Regency Jet Limited);Citation Bravo;G-IPLY;7;2000;Light Jet
DragonFly Executive Aviation Charter;Citation Bravo;G-SPJT;8;2004;Light Jet
Gojet247 (Operated by Broker Air Sociedad Anonima);Citation Bravo;LV-KFL;8;1998;Light Jet
Jetfly Airline GmbH;Citation Bravo;OEGLL;8;2003;Light Jet
Air-Transport Europe;Citation Bravo;OM-ATN;8;2002;Light Jet
IFLY S.A;Citation Bravo;SX-BMK;5;2001;Light Jet
PANJET;Citation Bravo;TC-AHE;7;2005;Light Jet
Bonair;Citation Bravo;TC-MKA;7;2001;Light Jet
SPREE FLUG Luftfahrt GmbH;Citation CJ;D-ICEE;5;1994;Light Jet
Fly Point Flugservice Haufe KG;Citation CJ;D-ILIA;5;1993;Light Jet
Heron Aviation;Citation CJ;D-IMCJ;5;1998;Light Jet
VALLJET;Citation CJ;F-HGPG;5;1995;Light Jet
VALLJET;Citation CJ;F-HIVA;5;1998;Light Jet
VALLJET;Citation CJ;F-HRIB;5;1997;Light Jet
Naljets Ltd;Citation CJ;G-KION;5;1998;Light Jet
Sardinian Sky Service srl;Citation CJ;I-CABD;5;1999;Light Jet
PrivateJetFinder LTD (Operated by Janez Let d.o.o.);Citation CJ;S5-CSS;6;1994;Light Jet
STARJET GROUP SA (Operated by Heron Aviation);Citation CJ 4;D-CDDN;8;2013;Light Jet
Exxaero Fleet B.V. (Operated by Exxaero GmbH);Citation CJ1;D-IKMO;5;1998;Light Jet
Star Wings GmbH;Citation CJ1;D-ILHC;4;2009;Light Jet
DALaviation Switzerland Sàrl (Operated by ProAir Aviation GmbH);Citation CJ1;D-IMOI;5;1998;Light Jet
Star Wings GmbH;Citation CJ1;D-INCS;5;2001;Light Jet
Atlantic Air Solutions (Operated by ProAir Aviation GmbH);Citation CJ1;D-IRSB;5;2001;Light Jet
VALLJET;Citation CJ1;F-HAJD;5;2004;Light Jet
VALLJET;Citation CJ1;F-HJAV;5;2001;Light Jet
ROYAL CLASS;Citation CJ1;LV-JUN;5;1999;Light Jet
Voyage Air (Operated by Aeroways GmbH);Citation CJ1;OE-FIX;6;2005;Light Jet
UNITED EAGLE d.o.o.;Citation CJ1;S5-CEG;5;2004;Light Jet
Bartolini Air;Citation CJ1;SP-CIT;5;2004;Light Jet
Bartolini Air;Citation CJ1;SP-DLV;6;1998;Light Jet
Bartolini Air;Citation CJ1;SP-IZU;6;2000;Light Jet
Gama Aviation Ltd (Operated by GAMA AVIATION SAN MARINO S.r.l.);Citation CJ1;T7-5MM;5;2001;Light Jet
Alliance Executive Jets Ltd;Citation CJ1+;9H-LION;6;2009;Light Jet
STARJET GROUP SA (Operated by Aeroways GmbH);Citation CJ1+;D-IGVA;6;2009;Light Jet
BlissAir GmbH (Operated by ChallengeLine);Citation CJ1+;D-IHKW;5;2008;Light Jet
Atlantic Air Solutions (Operated by ProAir Aviation GmbH);Citation CJ1+;D-IJLJ;5;2007;Light Jet
STARJET GROUP SA (Operated by Aeroways GmbH);Citation CJ1+;D-ISIR;6;2010;Light Jet
VALLJET;Citation CJ1+;F-HVVA;5;2006;Light Jet
Smartline Luftfahrt GmbH;Citation CJ1+;OE-FSR;5;2007;Light Jet
ASL;Citation CJ1+;OO-CCJ;5;2008;Light Jet
Air Pannonia Ltd;Citation CJ2;9A-JET;6;2004;Light Jet
Air Pannonia Ltd;Citation CJ2;9A-JIP;6;2004;Light Jet
Jung Sky d.o.o.;Citation CJ2;9A-JSD;6;2003;Light Jet
Jung Sky d.o.o.;Citation CJ2;9A-JSE;6;2002;Light Jet
Av8jet;Citation CJ2;9H-PMN;5;2002;Light Jet
Excellent Air (Operated by Ohlair Charterflug);Citation CJ2;D-IALI;5;2001;Light Jet
HYPE Private Jets GmbH (Operated by Transavia);Citation CJ2;D-ICMD;6;2002;Light Jet
Business Jet Aviation GmbH (Operated by ProAir Aviation GmbH);Citation CJ2;D-IGRK;5;2004;Light Jet
Excellent Air (Operated by Ohlair Charterflug);Citation CJ2;D-IJOA;5;2001;Light Jet
FSH Aviation GmbH;Citation CJ2;D-IKCG;6;2006;Light Jet
HYPE Private Jets GmbH (Operated by Transavia);Citation CJ2;D-IPVD;6;2005;Light Jet
HYPE Private Jets GmbH (Operated by Transavia);Citation CJ2;D-IQQQ;6;2004;Light Jet
Excellent Air (Operated by Ohlair Charterflug);Citation CJ2;D-ISJP;5;2001;Light Jet
Excellent Air (Operated by Ohlair Charterflug);Citation CJ2;D-IWIR;5;2002;Light Jet
FSH Aviation GmbH;Citation CJ2;D-IXXX;6;2006;Light Jet
VALLJET;Citation CJ2;F-HJJV;6;2004;Light Jet
VALLJET;Citation CJ2;F-HVLJ;6;2009;Light Jet
FLYINGGROUP;Citation CJ2;LX-AIN;8;2008;Light Jet
Smartline Luftfahrt GmbH;Citation CJ2;OE-FAF;6;2004;Light Jet
RAT CJ2 GmbH & Co. KGHQ (Operated by Aeroways GmbH);Citation CJ2;OE-FRH;6;2003;Light Jet
Flapper Technologies LLC (Operated by Taxi Aereo Piracicaba Ltda.);Citation CJ2;PR-TAP;6;2003;Light Jet
Bartolini Air;Citation CJ2;SP-TWO;6;2004;Light Jet
Winair Ltd;Citation CJ2+;9A-DWA;7;2008;Light Jet
Av8jet;Citation CJ2+;9H-BOD;5;2013;Light Jet
Valair Private Jets;Citation CJ2+;CS-DOT;8;2008;Light Jet
Ijet Aviation (Operated by DBT Transportes Aéreos, Lda);Citation CJ2+;CS-FRH;7;2007;Light Jet
Nortea Jets, S.L. (Operated by DBT Transportes Aéreos, Lda);Citation CJ2+;CS-FRI;8;2007;Light Jet
Star Wings GmbH;Citation CJ2+;D-IAKN;7;2007;Light Jet
Atlantic Air Solutions (Operated by ProAir Aviation GmbH);Citation CJ2+;D-IBEA;7;2008;Light Jet
DALaviation Switzerland Sàrl (Operated by ProAir Aviation GmbH);Citation CJ2+;D-IBLK;6;2012;Light Jet
STARJET GROUP SA (Operated by Aeroways GmbH);Citation CJ2+;D-IBRN;8;2012;Light Jet
Atlantic Air Solutions (Operated by ProAir Aviation GmbH);Citation CJ2+;D-IEGA;7;2008;Light Jet
Atlantic Air Solutions (Operated by ProAir Aviation GmbH);Citation CJ2+;D-IEGO;7;2007;Light Jet
Atlantic Air Solutions (Operated by ProAir Aviation GmbH);Citation CJ2+;D-IENE;7;2012;Light Jet
STARJET GROUP SA (Operated by Aeroways GmbH);Citation CJ2+;D-IFIS;7;2008;Light Jet
Atlantic Air Solutions (Operated by ProAir Aviation GmbH);Citation CJ2+;D-IFRT;7;2009;Light Jet
Atlantic Air Solutions (Operated by ProAir Aviation GmbH);Citation CJ2+;D-IGAL;7;2009;Light Jet
Atlantic Air Solutions (Operated by ProAir Aviation GmbH);Citation CJ2+;D-IKBO;7;2007;Light Jet
DigaJet GmbH;Citation CJ2+;D-ILOU;6;2013;Light Jet
DALaviation Switzerland Sàrl (Operated by ProAir Aviation GmbH);Citation CJ2+;D-ILUI;6;2010;Light Jet
DigaJet GmbH;Citation CJ2+;D-ILWP;6;2010;Light Jet
Atlantic Air Solutions (Operated by ProAir Aviation GmbH);Citation CJ2+;D-IMFE;7;2009;Light Jet
Atlantic Air Solutions (Operated by ProAir Aviation GmbH);Citation CJ2+;D-ISCV;7;2008;Light Jet
Excellent Air (Operated by Ohlair Charterflug);Citation CJ2+;D-ISJA;6;2007;Light Jet
DigaJet GmbH;Citation CJ2+;D-ISLT;6;2008;Light Jet
STARJET GROUP SA (Operated by Aeroways GmbH);Citation CJ2+;D-IWPS;7;2012;Light Jet
VALLJET;Citation CJ2+;F-HEMI;6;2012;Light Jet
IXAIR;Citation CJ2+;F-HIJD;7;2011;Light Jet
Let's Fly Helicopter and Jet;Citation CJ2+;F-HRSC;7;2007;Light Jet
Catreus Ltd;Citation CJ2+;G-ILBG;6;2010;Light Jet
Tenil S.A.;Citation CJ2+;LV-GWZ;6;2006;Light Jet
PARADOX JETS LTD;Citation CJ2+;LZ-PPL;7;2009;Light Jet
Bairline Fluggesellschaft mbH & Co KG;Citation CJ2+;OE-FBC;7;2012;Light Jet
Avcon Jet AG;Citation CJ2+;OE-FBL;8;2011;Light Jet
Euro Flight Aviation Services;Citation CJ2+;OE-FLO;7;2009;Light Jet
SalzburgJetAviation GmbH;Citation CJ2+;OE-FPK;6;2008;Light Jet
Scanwings;Citation CJ2+;OH-SWI;7;2008;Light Jet
Scanwings;Citation CJ2+;OH-SWJ;7;2008;Light Jet
Alpha Aviation s.r.o.;Citation CJ2+;OK-DLM;7;2008;Light Jet
ABS Jets (Operated by DSA as);Citation CJ2+;OK-DSY;6;2012;Light Jet
ASL;Citation CJ2+;OO-ACC;6;2008;Light Jet
ZondaJet.Com Sp. z o.o.;Citation CJ2+;SP-JET;6;2008;Light Jet
Valair Private Jets;Citation CJ3;CS-DGW;7;2008;Light Jet
Nortea Jets, S.L. (Operated by DBT Transportes Aéreos, Lda);Citation CJ3;CS-DIY;7;2007;Light Jet
Nortea Jets, S.L. (Operated by DBT Transportes Aéreos, Lda);Citation CJ3;CS-DJM;8;2012;Light Jet
Ijet Aviation (Operated by DBT Transportes Aéreos, Lda);Citation CJ3;CS-DOL;7;2009;Light Jet
Valair Private Jets;Citation CJ3;CS-DOS;8;2007;Light Jet
Valair Private Jets;Citation CJ3;CS-DVH;8;2007;Light Jet
Excellent Air (Operated by Ohlair Charterflug);Citation CJ3;D-CENT;7;2007;Light Jet
Excellent Air (Operated by Ohlair Charterflug);Citation CJ3;D-CGER;7;2006;Light Jet
Excellent Air (Operated by Ohlair Charterflug);Citation CJ3;D-COGA;7;2007;Light Jet
VALLJET;Citation CJ3;F-HTSB;6;2008;Light Jet
Jet View;Citation CJ3;OE-GSF;7;2008;Light Jet
Jet View;Citation CJ3;OE-GTO;6;2006;Light Jet
Alpha Aviation s.r.o.;Citation CJ3;OK-KIN;7;2011;Light Jet
FLY MY SKY DOO BEOGRAD;Citation CJ3;YU-BTN;7;2007;Light Jet
FLY MY SKY DOO BEOGRAD;Citation CJ3;YU-NEM;8;2006;Light Jet
E-Aviation Eisele Flugdienst GmbH;Citation CJ3+;D-CHAT;7;2021;Light Jet
Hahn Air Lines GmbH;Citation CJ3+;D-CHRF;6;2020;Light Jet
FLYINGGROUP;Citation CJ3+;LX-FYG;8;2023;Light Jet
Jet View;Citation CJ3+;OE-GAB;7;2025;Light Jet
Fly Tyrol / ABC Bedarfsflug;Citation CJ3+;OE-GAF;6;2022;Light Jet
Skyside GmbH;Citation CJ3+;OE-GCN;6;2023;Light Jet
UNITED EAGLE d.o.o.;Citation CJ3+;S5-CES;7;2021;Light Jet
EFS European Flight Service;Citation CJ3+;SE-RNP;6;2021;Light Jet
ZondaJet.Com Sp. z o.o.;Citation CJ3+;SP-JOY;6;2018;Light Jet
ZondaJet.Com Sp. z o.o.;Citation CJ3+;SP-MDD;6;2023;Light Jet
Air Charter Scotland;Citation CJ4;9H-BEM;7;2018;Light Jet
Excellent Air (Operated by Ohlair Charterflug);Citation CJ4;D-CEUS;8;2016;Light Jet
Excellent Air (Operated by Ohlair Charterflug);Citation CJ4;D-CFRT;9;2014;Light Jet
Excellent Air (Operated by Ohlair Charterflug);Citation CJ4;D-CKAB;9;2019;Light Jet
Aeroways GmbH;Citation CJ4;D-CNOX;8;2015;Light Jet
JetFleet AG (Operated by Aeroways GmbH);Citation CJ4;D-COCO;8;2016;Light Jet
STARJET GROUP SA (Operated by Aeroways GmbH);Citation CJ4;D-COLO;9;2011;Light Jet
Clipper National Air;Citation CJ4;EC-NQS;8;2012;Light Jet
Clipper National Air;Citation CJ4;EC-OMU;9;2015;Light Jet
Avcon Jet AG;Citation CJ4;OE-GCL;8;2020;Light Jet
Avcon Jet AG;Citation CJ4;OE-GCZ;7;2018;Light Jet
Avcon Jet AG (Operated by International Jet Management GmbH);Citation CJ4;OE-GSX;8;2019;Light Jet
SalzburgJetAviation GmbH;Citation CJ4;OE-GTI;8;2012;Light Jet
ACXJET;Citation CJ4;OH-ACX;8;2015;Light Jet
Toyo Aviation;Citation CJ4;YR-TRK;8;2019;Light Jet
DALaviation Switzerland Sàrl (Operated by ProAir Aviation GmbH);Citation CJ4 Gen2;D-CLIK;8;2021;Light Jet
Atlantic Air Solutions (Operated by ProAir Aviation GmbH);Citation CJ4 Gen2;D-COVA;7;2022;Light Jet
Abelag Aviation;Citation CJ4 Gen2;OO-LUX;8;2023;Light Jet
Abelag Aviation;Citation CJ4 Gen2;OO-LXA;8;2023;Light Jet
Abelag Aviation;Citation CJ4 Gen2;OO-NSG;8;2022;Light Jet
Abelag Aviation;Citation CJ4 Gen2;OO-ZUN;8;2024;Light Jet
Aerowest GmbH;Citation Encore;D-CAPB;8;2009;Light Jet
Elilombarda S.R.L.;Citation Encore+;I-ZACK;8;2007;Light Jet
Nordjet Airlines;Citation Excel;EC-ISQ;8;2004;Super Light Jet
Gestair;Citation Excel;EC-KOL;8;2000;Super Light Jet
Luxaviation (Operated by London Executive Aviation);Citation Excel;G-SIRS;8;2001;Super Light Jet
Scanwings;Citation Excel;OH-RBX;9;1999;Super Light Jet
Air Bohemia s.r.o.;Citation Excel;OK-AST;8;2000;Super Light Jet
Silesia Air;Citation Excel;OK-CAA;7;2001;Super Light Jet
Air Bohemia s.r.o.;Citation Excel;OK-DMK;8;2000;Super Light Jet
AEROPARTNER a.s.;Citation Excel;OK-HAR;7;2002;Super Light Jet
Jivair AB;Citation Excel;SE-RHJ;8;2000;Super Light Jet
Jonair Affärsflyg AB;Citation Excel;SE-RLV;9;2000;Super Light Jet
Ejet 16 (Operated by AMC Aviation);Citation Excel;SP-AIN;8;2000;Super Light Jet
Jet Stream (Operated by Jet Stream Charter Kft.);Citation I;HA-FIT;5;1977;Light Jet
BUSINESSAIR a.s. (Operated by Alpha Jet s.r.o.);Citation II;9H-PIK;8;1982;Light Jet
OrionJets;Citation II;CS-DVZ;9;1982;Light Jet
Millennium Jet srls (Operated by Aeroways GmbH);Citation II;D-CIAO;11;1981;Light Jet
AIRLEC AIR ESPACE;Citation II;F-HMXL;8;1990;Light Jet
ROYAL CLASS;Citation II;LV-BRE;9;1992;Light Jet
PHS - Premium Aviation and Handling Services, Soc. U.P. Lda;Citation II;S5-BBG;8;1982;Light Jet
Life Line Aviation;Citation II;SX-FDA;7;1992;Light Jet
Laufer Jet (Operated by G.A.D. FLIGHTS LTD);Citation III;4X-CZA;8;1990;Light Jet
Jet Stream (Operated by Jet Stream Charter d.o.o.);Citation III;HA-JEM;8;1985;Light Jet
Jet Stream (Operated by B.J. Aviation Kft.);Citation III;HA-JEP;8;1988;Light Jet
Jet Stream (Operated by B. J. Aviation d.o.o.);Citation III;HA-JEV;8;1989;Light Jet
Magna Aviation (Operated by Life Line Aviation);Citation III;SX-FDK;8;1991;Light Jet
AIRLEC AIR ESPACE;Citation IISP;F-HBZA;8;1991;Light Jet
Albinati Aeronautics (Operated by Albinati Aviation Ltd);Citation Latitude;9H-AOA;6;2017;Super Midsize Jet
ASTONJET LTD.;Citation Latitude;9H-AST;7;2017;Super Midsize Jet
ASTONJET LTD.;Citation Latitude;9H-J4K;7;2025;Super Midsize Jet
ASTONJET LTD.;Citation Latitude;9H-SFJ;8;2017;Super Midsize Jet
Aerowest GmbH;Citation Latitude;D-CAWK;9;2017;Super Midsize Jet
Aerowest GmbH;Citation Latitude;D-CAWL;9;2024;Super Midsize Jet
Aerowest GmbH;Citation Latitude;D-CAWN;9;2019;Super Midsize Jet
BHS Aviation AG;Citation Latitude;D-CBHS;6;2022;Super Midsize Jet
Hahn Air Lines GmbH;Citation Latitude;D-CHRG;6;2020;Super Midsize Jet
Gestair;Citation Latitude;EC-NBS;7;2019;Super Midsize Jet
Air Charter Scotland;Citation Latitude;G-SHUI;8;2017;Super Midsize Jet
Global Jet Luxembourg S.A.;Citation Latitude;LX-FVI;7;2019;Super Midsize Jet
Smartline Luftfahrt GmbH;Citation Latitude;OE-GGM;8;2019;Super Midsize Jet
Premium Jet AG (Operated by Premium Jet GmbH);Citation Latitude;OE-GJA;6;2017;Super Midsize Jet
Bikinijet (Operated by BKNJET HAVACILIK A.Ş.);Citation Latitude;TC-AKF;8;2026;Super Midsize Jet
Bikinijet (Operated by BKNJET HAVACILIK A.Ş.);Citation Latitude;TC-TVH;8;2015;Super Midsize Jet
Smartwings, a.s (Operated by UG Jet, s.r.o.);Citation Longitude;OK-JRE;9;2022;Super Midsize Jet
Smartwings, a.s;Citation Longitude;OK-JRL;9;2025;Super Midsize Jet
Avcon Jet AG (Operated by Avcon Jet Malta Ltd);Citation M2;9H-1MA;6;2021;Entry Level Jet
ASTONJET LTD.;Citation M2;9H-COB;6;2016;Entry Level Jet
Abelag Aviation;Citation M2;D-IBLU;5;2021;Entry Level Jet
E-Aviation Eisele Flugdienst GmbH;Citation M2;D-IEFD;5;2017;Entry Level Jet
E-Aviation Eisele Flugdienst GmbH;Citation M2;D-IFHD;5;2015;Entry Level Jet
Alpine Flightservice;Citation M2;D-ILJA;5;2021;Entry Level Jet
Flexflight;Citation M2;D-IMIM;4;2020;Entry Level Jet
Atlantic Air Solutions (Operated by ProAir Aviation GmbH);Citation M2;D-IOVA;5;2018;Entry Level Jet
Heron Aviation;Citation M2;D-IPAA;5;2019;Entry Level Jet
Alpine Flightservice;Citation M2;D-IXON;5;2022;Entry Level Jet
VALLJET;Citation M2;F-HALV;5;2015;Entry Level Jet
VALLJET;Citation M2;F-HGRI;5;2015;Entry Level Jet
Priv'Air;Citation M2;F-HIPP;5;2019;Entry Level Jet
SD AVIATION;Citation M2;F-HLBF;6;2024;Entry Level Jet
SD AVIATION;Citation M2;F-HLRK;6;2024;Entry Level Jet
Catreus Ltd;Citation M2;G-SOLE;5;2022;Entry Level Jet
Albinati Aeronautics;Citation M2;HB-VCA;4;2025;Entry Level Jet
Transwing GmbH;Citation M2;HB-VTW;5;2019;Entry Level Jet
Luxwing Ltd;Citation M2;I-FVAB;5;2016;Entry Level Jet
Transwing GmbH;Citation M2;OE-FBM;5;2025;Entry Level Jet
Airlink;Citation M2;OE-FEA;6;2020;Entry Level Jet
Fly Tyrol / ABC Bedarfsflug;Citation M2;OE-FGC;6;2015;Entry Level Jet
Transwing GmbH;Citation M2;OE-FNM;5;2025;Entry Level Jet
Gama Aviation Ltd (Operated by Tyrolean Jets & Services);Citation M2;OE-FPJ;5;2024;Entry Level Jet
Prince Aviation (Operated by Prince Aviation SI);Citation M2;S5-CPD;5;2016;Entry Level Jet
EFS European Flight Service;Citation M2;SE-RVZ;5;2020;Entry Level Jet
MPC AIR D.O.O.;Citation M2;YU-MPC;5;2016;Entry Level Jet
Luxwing Ltd;Citation Mustang;9H-RZZ;4;2012;Entry Level Jet
Ijet Aviation (Operated by DBT Transportes Aéreos, Lda);Citation Mustang;CS-DJJ;4;2011;Entry Level Jet
Heron Aviation;Citation Mustang;EC-LCX;4;2009;Entry Level Jet
Ijet Aviation (Operated by Heron Aviation);Citation Mustang;EC-NGX;4;2009;Entry Level Jet
ASTONJET LTD. (Operated by ASTONJET);Citation Mustang;F-GMTJ;4;2009;Entry Level Jet
IXAIR;Citation Mustang;F-HAHA;4;2012;Entry Level Jet
ASTONJET LTD. (Operated by ASTONJET);Citation Mustang;F-HASJ;4;2008;Entry Level Jet
IXAIR;Citation Mustang;F-HEND;4;2009;Entry Level Jet
ASTONJET LTD. (Operated by ASTONJET);Citation Mustang;F-HIBF;4;2009;Entry Level Jet
Andorra Jets (Operated by Priv'Air);Citation Mustang;F-HIMC;4;2008;Entry Level Jet
Andorra Jets (Operated by Priv'Air);Citation Mustang;F-HSHU;4;2008;Entry Level Jet
AElia Srl;Citation Mustang;I-FITO;4;2019;Entry Level Jet
ARILA (Operated by Microjet Inc);Citation Mustang;JA123F;4;2012;Entry Level Jet
Luxaviation Luxembourg;Citation Mustang;LX-AOA;4;2010;Entry Level Jet
GlobeAir GmbH;Citation Mustang;OE-FBD;4;2010;Entry Level Jet
GlobeAir GmbH;Citation Mustang;OE-FFB;4;2008;Entry Level Jet
GlobeAir GmbH;Citation Mustang;OE-FHK;4;2008;Entry Level Jet
GlobeAir GmbH;Citation Mustang;OE-FNP;4;2009;Entry Level Jet
GlobeAir GmbH;Citation Mustang;OE-FPP;4;2009;Entry Level Jet
GlobeAir GmbH;Citation Mustang;OE-FWF;4;2008;Entry Level Jet
GlobeAir GmbH;Citation Mustang;OE-FZA;4;2008;Entry Level Jet
GlobeAir GmbH;Citation Mustang;OE-FZB;4;2008;Entry Level Jet
GlobeAir GmbH;Citation Mustang;OE-FZC;4;2008;Entry Level Jet
GlobeAir GmbH;Citation Mustang;OE-FZD;4;2008;Entry Level Jet
GlobeAir GmbH;Citation Mustang;OE-FZE;4;2008;Entry Level Jet
AEROPARTNER a.s.;Citation Mustang;OK-MYS;4;2009;Entry Level Jet
AEROPARTNER a.s.;Citation Mustang;OK-OBR;4;2010;Entry Level Jet
ASL;Citation Mustang;OO-MST;4;2008;Entry Level Jet
ASL;Citation Mustang;OO-OYS;4;2008;Entry Level Jet
ASL (Operated by JetNetherlands BV);Citation Mustang;PH-RMP;4;2008;Entry Level Jet
ASL (Operated by JetNetherlands BV);Citation Mustang;PH-TXA;4;2008;Entry Level Jet
Titan Aviation (Operated by Titan Aviation San Marino S.R.L.);Citation Mustang;T7-S5Z;4;2010;Entry Level Jet
Point Jet Aviation (Operated by BE AERO HAVACILIK A.Ş);Citation Mustang;TC-VLK;4;2008;Entry Level Jet
Executive Jet Management Europe;Citation Sovereign;CSIMP;9;2004;Super Midsize Jet
Voyage Air (Operated by Aeroways GmbH);Citation Sovereign;D-CBAY;9;2007;Super Midsize Jet
Italfly;Citation Sovereign;I-TAOS;9;2011;Super Midsize Jet
Aero Toyota Corporation;Citation Sovereign;JA-04AA;8;2008;Super Midsize Jet
Pacific Ocean S.A;Citation Sovereign;LV-POA;8;2006;Super Midsize Jet
Pacific Ocean S.A;Citation Sovereign;LV-POB;8;2008;Super Midsize Jet
Air Bohemia s.r.o.;Citation Sovereign;OK-OSK;8;2007;Super Midsize Jet
AEROPARTNER a.s.;Citation Sovereign;OK-PET;9;2007;Super Midsize Jet
Air Bohemia s.r.o.;Citation Sovereign;OK-VNA;8;2010;Super Midsize Jet
ASL;Citation Sovereign;OO-GLM;9;2006;Super Midsize Jet
EFS European Flight Service;Citation Sovereign;SE-RFL;9;2009;Super Midsize Jet
Flairis Aviation (Operated by Smart Aviation);Citation Sovereign;SU-EWD;9;2005;Super Midsize Jet
MEGA LFS LLC (Operated by Smart Aviation);Citation Sovereign;SU-SMK;9;2007;Super Midsize Jet
Smart Aviation;Citation Sovereign;SU-SML;9;2009;Super Midsize Jet
PANJET;Citation Sovereign;TC-MPA;10;2008;Super Midsize Jet
Aerowest GmbH;Citation Sovereign+;D-CARO;9;2014;Super Midsize Jet
Aerowest GmbH;Citation Sovereign+;D-CAWX;9;2014;Super Midsize Jet
FSH Aviation GmbH;Citation Sovereign+;D-CFSH;10;2018;Super Midsize Jet
Aeroways GmbH;Citation Sovereign+;D-CWWA;10;2014;Super Midsize Jet
Smartwings, a.s;Citation Sovereign+;OK-JRS;9;2019;Super Midsize Jet
Smartwings, a.s;Citation Sovereign+;OK-JRT;9;2016;Super Midsize Jet
Air TXT SL;Citation Ultra;EC-GOV;7;1997;Light Jet
Initium Aviation;Citation Ultra;EC-JFT;8;2000;Light Jet
Arrow Aviation Ltd.;Citation V;4X-CRZ;7;1995;Light Jet
OrionJets;Citation V;CS-DOW;8;1990;Light Jet
Initium Aviation;Citation V;EC-LEP;8;1991;Light Jet
Plures;Citation V;TC-LAA;8;1993;Light Jet
Jet Stream (Operated by B.J. Aviation Kft.);Citation VI;HA-JEF;8;1992;Midsize Jet
Jet Stream (Operated by Jet Stream Charter d.o.o.);Citation VI;HA-JEO;8;1997;Midsize Jet
Jet Stream (Operated by B. J. Aviation d.o.o.);Citation VI;HA-JEX;8;1994;Midsize Jet
Jet Stream (Operated by B. J. Aviation d.o.o.);Citation VI;HA-SCU;8;1994;Midsize Jet
Jet Stream (Operated by Jet Stream Charter d.o.o.);Citation VI;HA-SCY;8;1991;Midsize Jet
FLYINGGROUP (Operated by Hyperion Aviation ltd);Citation VII;9H-GMG;6;1999;Midsize Jet
Jet Stream (Operated by B.J. Aviation Kft.);Citation VII;HA-SCS;7;1997;Midsize Jet
Jet Stream (Operated by B.J. Aviation Kft.);Citation VII;HA-SCW;7;1998;Midsize Jet
North Flying;Citation VII;OY-CLP;8;1998;Midsize Jet
North Flying;Citation VII;OY-NFA;8;2000;Midsize Jet
ASL (Operated by JetNetherlands BV);Citation VII;PH-MYX;7;2000;Midsize Jet
ORTAC (AOC) LIMITED;Citation X;2-MACH;8;2004;Super Midsize Jet
Bairline Fluggesellschaft mbH & Co KG;Citation X;OE-HUB;8;2007;Super Midsize Jet
Vantaggio FZ-LLC (Operated by SalzburgJetAviation GmbH);Citation X;OE-HVH;8;2003;Super Midsize Jet
Avcon Jet AG (Operated by Avcon Jet Malta Ltd);Citation XLS;9H-JOS;8;2008;Super Light Jet
Vista (Operated by VistaJet Ltd);Citation XLS;9H-XOA;7;2006;Super Light Jet
Vista (Operated by VistaJet Ltd);Citation XLS;9H-XOB;7;2006;Super Light Jet
Vista (Operated by VistaJet Ltd);Citation XLS;9H-XOC;7;2006;Super Light Jet
Silver Cloud Air;Citation XLS;D-CHDJ;9;2008;Super Light Jet
Silver Cloud Air;Citation XLS;D-CNNN;7;2017;Super Light Jet
LUMINAIR;Citation XLS;D-CRIE;8;2008;Super Light Jet
LUMINAIR;Citation XLS;D-CRSM;8;2009;Super Light Jet
Silver Cloud Air;Citation XLS;D-CSGD;8;2008;Super Light Jet
Euro Link;Citation XLS;D-CTTT;9;2006;Super Light Jet
Initium Aviation;Citation XLS;EC-KPB;9;2008;Super Light Jet
Luxaviation (Operated by London Executive Aviation);Citation XLS;G-LEAX;7;2007;Super Light Jet
Heli Air Services;Citation XLS;LZ-CVA;8;2007;Super Light Jet
Smartline Luftfahrt GmbH;Citation XLS;OE-GHB;7;2005;Super Light Jet
Avcon Jet AG (Operated by Jet 24 GmbH);Citation XLS;OE-GWV;6;2008;Super Light Jet
ASL;Citation XLS;OO-MMT;9;2006;Super Light Jet
ASL;Citation XLS;PH-GHZ;9;2005;Super Light Jet
ASL;Citation XLS;PH-KEK;9;2008;Super Light Jet
Smart Jet Sp z o.o.;Citation XLS;SP-FOX;7;2008;Super Light Jet
Smart Jet Sp z o.o. (Operated by Smart Jet International Sp z o.o.);Citation XLS;SP-UMA;7;2008;Super Light Jet
PANELLENIC S.A.;Citation XLS;SX-AQG;8;2004;Super Light Jet
PANELLENIC S.A.;Citation XLS;SX-JRB;8;2008;Super Light Jet
PANELLENIC S.A.;Citation XLS;SX-RJB;8;2007;Super Light Jet
Prince Aviation;Citation XLS;YU-SVL;8;2008;Super Light Jet
E-Aviation Eisele Flugdienst GmbH;Citation XLS Gen 2;D-CARE;4;2023;Super Light Jet
Aerowest GmbH;Citation XLS Gen 2;D-CAWH;8;2023;Super Light Jet
Porsche Air Service GmbH;Citation XLS Gen 2;OE-GTR;8;2022;Super Light Jet
Porsche Air Service GmbH;Citation XLS Gen 2;OE-GTX;8;2025;Super Light Jet
Jetfly Airline GmbH;Citation XLS Gen 2;OEGPP;7;2022;Super Light Jet
AIR ADRIATIC d.o.o.;Citation XLS Gen 2;S5-BBM;8;2022;Super Light Jet
AIR ADRIATIC d.o.o.;Citation XLS Gen 2;S5-BBV;9;2022;Super Light Jet
AeroLux DOO;Citation XLS Gen 2;YU-LSA;9;2024;Super Light Jet
Gama Aviation Ltd;Citation XLS+;9H-GAMA;7;2009;Super Light Jet
Hans Jet (Operated by Alliance Executive Jets Ltd);Citation XLS+;9H-GOAT;7;2013;Super Light Jet
Silver Cloud Air;Citation XLS+;D-CAFE;7;2013;Super Light Jet
Vista (Operated by VistaJet GmbH);Citation XLS+;D-CANG;7;2013;Super Light Jet
Aerowest GmbH;Citation XLS+;D-CAWO;8;2019;Super Light Jet
Aerowest GmbH;Citation XLS+;D-CAWP;8;2021;Super Light Jet
Vista (Operated by VistaJet GmbH);Citation XLS+;D-CDCM;7;2012;Super Light Jet
E-Aviation Eisele Flugdienst GmbH;Citation XLS+;D-CDDD;7;2018;Super Light Jet
LUMINAIR;Citation XLS+;D-CJFK;8;2013;Super Light Jet
Windrose Air;Citation XLS+;D-CJJK;8;2011;Super Light Jet
Vista (Operated by VistaJet GmbH);Citation XLS+;D-CJMK;7;2019;Super Light Jet
LUMINAIR;Citation XLS+;D-CMHS;8;2013;Super Light Jet
LUMINAIR;Citation XLS+;D-CPLN;8;2008;Super Light Jet
Heron Aviation;Citation XLS+;D-CPSH;7;2017;Super Light Jet
Vista (Operated by VistaJet GmbH);Citation XLS+;D-CRTP;7;2022;Super Light Jet
Silver Cloud Air;Citation XLS+;D-CSCB;9;2015;Super Light Jet
Vista (Operated by VistaJet GmbH);Citation XLS+;D-CSUN;7;2012;Super Light Jet
Silver Cloud Air;Citation XLS+;D-CWAG;9;2014;Super Light Jet
Vista (Operated by VistaJet GmbH);Citation XLS+;D-CXLS;7;2009;Super Light Jet
E-Aviation Eisele Flugdienst GmbH;Citation XLS+;D-CZZZ;7;2018;Super Light Jet
Gestair;Citation XLS+;EC-LYL;8;2012;Super Light Jet
Gestair;Citation XLS+;EC-MSS;8;2017;Super Light Jet
Gestair;Citation XLS+;EC-NCJ;8;2009;Super Light Jet
Luxaviation (Operated by London Executive Aviation);Citation XLS+;G-GAAL;6;2012;Super Light Jet
Vista (Operated by SaxonAir);Citation XLS+;G-VJTA;7;2014;Super Light Jet
Sardinian Sky Service srl;Citation XLS+;I-CNDG;9;2008;Super Light Jet
Heli Air Services;Citation XLS+;LZ-CVB;8;2011;Super Light Jet
Avcon Jet AG;Citation XLS+;OE-GJB;8;2019;Super Light Jet
Jetfly Airline GmbH;Citation XLS+;OEGGG;7;2009;Super Light Jet
AEROPARTNER a.s.;Citation XLS+;OK-BIZ;8;2016;Super Light Jet
Silesia Air;Citation XLS+;OK-CUS;9;2016;Super Light Jet
ABS Jets;Citation XLS+;OK-ECR;7;2015;Super Light Jet
ABS Jets;Citation XLS+;OK-KGR;7;2022;Super Light Jet
Silesia Air;Citation XLS+;OK-UFF;9;2013;Super Light Jet
Silesia Air;Citation XLS+;OK-WND;9;2020;Super Light Jet
Silesia Air;Citation XLS+;OK-XLS;9;2010;Super Light Jet
BLAK (Operated by Tatra JET s.r.o.);Citation XLS+;OM-BLS;8;2016;Super Light Jet
ELITE JET;Citation XLS+;OM-FLY;9;2009;Super Light Jet
BLAK (Operated by Tatra JET s.r.o.);Citation XLS+;OM-NDB;8;2013;Super Light Jet
ASL;Citation XLS+;OO-VMF;8;2015;Super Light Jet
UpStar Aviation;Citation XLS+;PR-RCN;9;2013;Super Light Jet
AIR ADRIATIC d.o.o.;Citation XLS+;S5-BBC;9;2014;Super Light Jet
Prince Aviation (Operated by Prince Aviation SI);Citation XLS+;S5-BCD;8;2013;Super Light Jet
Prince Aviation (Operated by Prince Aviation SI);Citation XLS+;S5-BDD;8;2015;Super Light Jet
Vizyon Havacılık Sanayi ve Ticaret Anonim Şirketi;Citation XLS+;TC-KIP;8;2013;Super Light Jet
MY JET S.R.L.;Citation XLS+;YR-WNT;8;2013;Super Light Jet
Prince Aviation;Citation XLS+;YU-JSV;8;2013;Super Light Jet
AeroLux DOO;Citation XLS+;YU-LKA;9;2019;Super Light Jet
MPC AIR D.O.O.;Citation XLS+;YU-MPA;9;2015;Super Light Jet
MPC AIR D.O.O.;Citation XLS+;YU-MPB;9;2019;Super Light Jet
Luxwing Ltd;Dash 8-Q400;9H-LWA;78;2004;Airliner
Universal Air Charter and Management Ltd;Dash 8-Q400;9H-SWW;78;2012;Airliner
Private Wings;Dornier 328;D-CPWF;32;1999;Airliner
VALLJET (Operated by Thalair);Embraer 135;F-HSTE;37;2003;Airliner
Gama Aviation Ltd (Operated by Tyrolean Jets & Services);Embraer 145 EP;OE-LAP;49;1999;Airliner
Arcus-Air Group;Embraer 145 EP VIP;D-AMME;22;1998;Airliner
Amelia (Operated by Amelia International);Embraer 145 LR;F-HESR;50;2008;Airliner
VALLJET (Operated by Thalair);Embraer 145 LR;F-HFCN;50;2000;Airliner
VALLJET (Operated by Thalair);Embraer 145 LR;F-HFKF;48;2000;Airliner
Amelia (Operated by Amelia International);Embraer 145 LU;F-HRAV;50;2000;Airliner
Amelia (Operated by Amelia International);Embraer 190;F-HDRK;98;2013;Airliner
Sky High Aviation Services;Embraer 190;P4-KCK;97;2014;Airliner
Pan Europeenne;Embraer ERJ 135;F-GYPE;37;2001;Airliner
ASL;Embraer ERJ 135;PH-DWC;30;2000;Airliner
ASL;Embraer ERJ 135;PH-DWP;37;1999;Airliner
ASL;Embraer ERJ 135;PH-DWS;30;2000;Airliner
Arcus-Air Group;Embraer ERJ 135 VIP;D-BJME;16;2000;Airliner
Pan Europeenne;Embraer ERJ 145;F-HBPE;49;1999;Airliner
ASL;Embraer ERJ 145;PH-DWA;42;2010;Airliner
Air X;Embraer Lineage 1000;9H-DEE;19;2014;VIP Airliner
Air X;Embraer Lineage 1000;9H-FAB;19;2012;VIP Airliner
Air X;Embraer Lineage 1000;9H-FAY;19;2011;VIP Airliner
Air X;Embraer Lineage 1000;9H-FCM;19;2013;VIP Airliner
Air X;Embraer Lineage 1000;9H-NYC;19;2010;VIP Airliner
Vista (Operated by VistaJet GmbH);Embraer Lineage 1000E;D-AWOW;18;2018;VIP Airliner
Union Aviation;Embraer Lineage 1000E;YL-ORD;18;2014;VIP Airliner
Union Aviation;Embraer Lineage 1000E;YL-UAG;18;2014;VIP Airliner
Helistar S.A.;Eurocopter AS365 N3;SX-HDY;5;2007;Helicopter
Helistar S.A.;Eurocopter EC135 T1;SX-HSM;6;1999;Helicopter
Av8jet;Falcon 2000;9H-EART;7;1998;Heavy Jet
Luxaviation France (Operated by Luxaviation E.A.S.A.);Falcon 2000;CS-DTR;10;2000;Heavy Jet
VENICEJETS (Operated by Leader S.r.l.);Falcon 2000;I-KERE;10;2002;Heavy Jet
SPARFELL Airways SA (Operated by SPARFELL Luftfahrt s.r.l.);Falcon 2000;T7-RMD;10;1999;Heavy Jet
Jet Globe;Falcon 2000;TC-AKD;10;2002;Heavy Jet
Jet Globe;Falcon 2000;TC-CMD;10;2005;Heavy Jet
ASL (Operated by JetNetherlands BV);Falcon 2000EX;PH-VBG;10;2003;Heavy Jet
Skyside GmbH;Falcon 2000EX EASy;OE-HCY;9;2006;Heavy Jet
Initium Aviation (Operated by Avcon Jet AG);Falcon 2000EX EASy;OE-HOE;10;2005;Heavy Jet
Super Air;Falcon 2000EX EASy;TC-KNK;10;2014;Heavy Jet
MHS Aviation GmbH;Falcon 2000LX;D-BAHB;8;2012;Heavy Jet
Gestair;Falcon 2000LX;EC-LGV;8;2010;Heavy Jet
Gestair;Falcon 2000LX;EC-MRR;10;2011;Heavy Jet
Gestair;Falcon 2000LX;EC-OEV;9;2012;Heavy Jet
Global Jet Luxembourg S.A.;Falcon 2000LX;LX-EVM;10;2009;Heavy Jet
Skyside GmbH;Falcon 2000LX;OE-HHS;9;2011;Heavy Jet
MHS Aviation GmbH (Operated by Elangeni GmbH);Falcon 2000LX;OE-HMR;8;2008;Heavy Jet
FLYINGGROUP;Falcon 2000LX;PH-CTH;10;2011;Heavy Jet
NUROL HAVACILIK A.Ş;Falcon 2000LX;TC-SGO;10;2009;Heavy Jet
DC Aviation Group;Falcon 2000LXS;D-BIEN;10;2025;Heavy Jet
CAT Aviation AG;Falcon 2000LXS;HB-IGO;10;2019;Heavy Jet
Skyside GmbH;Falcon 2000LXS;OE-HLK;8;2014;Heavy Jet
Blackbird Air  A/S;Falcon 2000LXS;OY-CKK;10;2014;Heavy Jet
Air Alsie;Falcon 2000LXS;OY-EZD;10;2023;Heavy Jet
Air Alsie;Falcon 2000LXS;OY-GFS;10;2017;Heavy Jet
Air Alsie;Falcon 2000LXS;OY-MGO;7;2022;Heavy Jet
Air Alsie;Falcon 2000LXS;PH-CGV;10;2020;Heavy Jet
Dogan Air;Falcon 2000LXS;TC-DGN;10;2024;Heavy Jet
DOKIA AIR SRL;Falcon 2000LXS;YR-NDV;10;2024;Heavy Jet
Prince Aviation;Falcon 2000LXS;YU-FVJ;10;2022;Heavy Jet
Global Jet Luxembourg S.A.;Falcon 2000S;LX-MIC;10;2013;Heavy Jet
FLYINGGROUP;Falcon 2000S;OO-MCW;10;2013;Heavy Jet
Blackbird Air  A/S;Falcon 2000S;OY-SWO;10;2014;Heavy Jet
Jet Globe;Falcon 2000S;TC-AKC;10;2015;Heavy Jet
DALaviation Switzerland Sàrl (Operated by Titan Aviation San Marino S.R.L.);Falcon 50 EX;T7-TIA;9;2000;Super Midsize Jet
Vergo Havacılık (Operated by Genel Havacilik A.S.);Falcon 50 EX;TC-VRG;9;2001;Super Midsize Jet
Air Alsie;Falcon 6X;9H-BEAR;6;2025;Ultra Long Range
Albinati Aeronautics (Operated by Albinati Aviation Ltd);Falcon 6X;9H-DINA;8;2024;Ultra Long Range
Jet Aviation Business Jets AG (Operated by Jet Aviation Business Jets Deutschland GmbH);Falcon 6X;D-ABEI;10;2024;Ultra Long Range
TAG Aviation UK;Falcon 6X;G-SPMI;14;2025;Ultra Long Range
Haute Aviation AG;Falcon 6X;HB-JTP;14;2026;Ultra Long Range
Global Jet Luxembourg S.A.;Falcon 6X;LX-TIN;10;2024;Ultra Long Range
Air Alsie;Falcon 6X;OY-NRG;14;2025;Ultra Long Range
Set Air;Falcon 6X;TC-MRK;14;2025;Ultra Long Range
Gestair Aviation Malta;Falcon 7X;9H-ALU;12;2010;Ultra Long Range
Gestair Aviation Malta;Falcon 7X;9H-BELL;12;2013;Ultra Long Range
ASTONJET LTD.;Falcon 7X;9H-CBH;12;2009;Ultra Long Range
Albinati Aeronautics (Operated by Albinati Aviation Ltd);Falcon 7X;9H-GSWAN;6;2013;Ultra Long Range
Av8jet;Falcon 7X;9H-JBM;14;2014;Ultra Long Range
Vista (Operated by VistaJet Ltd);Falcon 7X;9H-JHK;11;2010;Ultra Long Range
SPARFELL Airways SA (Operated by Sparfell Malta Ltd);Falcon 7X;9H-SFL;10;2015;Ultra Long Range
Luxaviation Asia Pte Ltd (Operated by Luxaviation Malta Ltd.);Falcon 7X;9H-VSLK;14;2008;Ultra Long Range
Gama Aviation Ltd;Falcon 7X;9H-XONE;12;2011;Ultra Long Range
Air Alsie;Falcon 7X;D-ACFL;10;2014;Ultra Long Range
Volkswagen AirService GmbH;Falcon 7X;D-AGBF;12;2016;Ultra Long Range
Vista (Operated by VistaJet GmbH);Falcon 7X;D-AIFH;11;2012;Ultra Long Range
LUMINAIR;Falcon 7X;D-ALIN;12;2009;Ultra Long Range
LUMINAIR;Falcon 7X;D-ARIE;12;2012;Ultra Long Range
LUMINAIR;Falcon 7X;D-ASIM;12;2010;Ultra Long Range
LUMINAIR;Falcon 7X;D-ATON;12;2011;Ultra Long Range
Luxaviation France (Operated by Unijet);Falcon 7X;F-HECD;13;2011;Ultra Long Range
Jet Concierge Club (Operated by Concierge U Limited);Falcon 7X;G-MATO;10;2016;Ultra Long Range
Jet Concierge Club (Operated by Concierge U Limited);Falcon 7X;G-SPTX;6;2018;Ultra Long Range
Global Jet Luxembourg S.A.;Falcon 7X;LX-IAM;11;2014;Ultra Long Range
Global Jet Luxembourg S.A.;Falcon 7X;LX-POH;8;2013;Ultra Long Range
JETFLY AVIATION SA;Falcon 7X;LX-VAM;12;2011;Ultra Long Range
Avcon Jet AG (Operated by International Jet Management GmbH);Falcon 7X;OE-ISX;12;2008;Ultra Long Range
Avcon Jet AG;Falcon 7X;OE-LRR;14;2010;Ultra Long Range
Jetflite;Falcon 7X;OH-WIX;16;2014;Ultra Long Range
Abelag Aviation;Falcon 7X;OO-AIE;12;2020;Ultra Long Range
Abelag Aviation;Falcon 7X;OO-FSX;8;2021;Ultra Long Range
Abelag Aviation;Falcon 7X;OO-LAH;13;2009;Ultra Long Range
Air Alsie;Falcon 7X;OY-PGA;12;2011;Ultra Long Range
Air Alsie;Falcon 7X;OY-RAB;10;2010;Ultra Long Range
Air Alsie;Falcon 7X;OY-TAB;10;2014;Ultra Long Range
FLYINGGROUP;Falcon 7X;PH-GWS;14;2020;Ultra Long Range
FLYINGGROUP;Falcon 7X;PH-IWS;14;2020;Ultra Long Range
FLYINGGROUP;Falcon 7X;PH-TLP;10;2015;Ultra Long Range
ASL (Operated by JetNetherlands BV);Falcon 7X;PH-UNC;8;2012;Ultra Long Range
Svenskt Industriflyg;Falcon 7X;SE-DJI;14;2014;Ultra Long Range
Svenskt Industriflyg;Falcon 7X;SE-DJJ;14;2012;Ultra Long Range
AMC Aviation;Falcon 7X;SP-AGA;14;2016;Ultra Long Range
FliteWatch Ltd;Falcon 8X;9H-11MKZ;11;2025;Ultra Long Range
Exklusiv Aviation Services ( Switzerland ) SA (Operated by Alliance Executive Jets Ltd);Falcon 8X;9H-GRC;8;2016;Ultra Long Range
Skyfirst;Falcon 8X;9H-KIM;12;2016;Ultra Long Range
Executive Jet Management Europe;Falcon 8X;CSDSF;9;2017;Ultra Long Range
Heron Luftfahrt GmbH (Operated by Heron Aviation);Falcon 8X;D-ALDG;13;2024;Ultra Long Range
Dassault Falcon Service;Falcon 8X;F-GLLM;14;2018;Ultra Long Range
SAM AIRWAYS SAS (Operated by Dassault Falcon Service);Falcon 8X;F-OJMJ;14;2020;Ultra Long Range
Lions Air Skymedia AG;Falcon 8X;HB-JKK;12;2017;Ultra Long Range
Dasnair;Falcon 8X;HB-JSC;8;2018;Ultra Long Range
Global Jet Luxembourg S.A.;Falcon 8X;LX-LXL;10;2019;Ultra Long Range
Jet View;Falcon 8X;OE-IOE;14;2020;Ultra Long Range
Abelag Aviation;Falcon 8X;OO-ELK;8;2019;Ultra Long Range
Air Alsie;Falcon 8X;OY-NEW;6;2018;Ultra Long Range
ElitAvia Malta Ltd.;Falcon 900 LX;9H-RRC;14;2017;Heavy Jet
Heron Aviation;Falcon 900 LX;D-AHRT;8;2013;Heavy Jet
Dassault Falcon Service;Falcon 900B;F-GKOM;14;1994;Heavy Jet
Skyfirst;Falcon 900DX;9H-1MLK;14;2007;Heavy Jet
Falcon Aviation Services;Falcon 900DX;A6-RTS;13;2005;Heavy Jet
Luxaviation France (Operated by Unijet);Falcon 900EX;F-GPNJ;10;1999;Heavy Jet
AIRLEC AIR ESPACE;Falcon 900EX;F-HREG;14;2000;Heavy Jet
VALLJET (Operated by AIRLEC AIR ESPACE);Falcon 900EX;F-HTED;12;2003;Heavy Jet
ROYAL CLASS;Falcon 900EX;LV-GQK;12;2004;Heavy Jet
MHS Aviation GmbH (Operated by Elangeni GmbH);Falcon 900EX;OE-IDM;12;2000;Heavy Jet
Abelag Aviation;Falcon 900EX;OO-GPE;13;2012;Heavy Jet
ASL (Operated by JetNetherlands BV);Falcon 900EX;PH-LAU;14;2000;Heavy Jet
Exxaero Fleet B.V. (Operated by Exxaero B.V.);Falcon 900EX EASy;PH-DTF;14;2009;Heavy Jet
YDA Havacılık (Operated by Vizyon Havacılık Sanayi ve Ticaret Anonim Şirketi);Falcon 900EX EASy;TC-YDA;14;2010;Heavy Jet
LUMINAIR;Falcon 900LX;D-AFLY;14;2023;Heavy Jet
LUMINAIR;Falcon 900LX;D-AHOY;14;2025;Heavy Jet
LUMINAIR;Falcon 900LX;D-AJES;14;2025;Heavy Jet
LUMINAIR;Falcon 900LX;D-ASIA;14;2026;Heavy Jet
FLYINGGROUP (Operated by Flying Group Lux S.A.);Falcon 900LX Easy II;LX-FMA;12;2023;Heavy Jet
Volare Aviation Ltd;Global 5000;2-BANK;15;2012;Ultra Long Range
Diamond jet Ltd. (Operated by ElitAvia Malta Ltd.);Global 5000;9H-ADKA;13;2009;Ultra Long Range
FLYINGGROUP (Operated by Hyperion Aviation ltd);Global 5000;9H-ASB;8;2008;Ultra Long Range
Qatar Executive (Operated by QE Europe Limited);Global 5000;9H-EXEE;13;2011;Ultra Long Range
Qatar Executive (Operated by QE Europe Limited);Global 5000;9H-EXEI;13;2013;Ultra Long Range
ElitAvia Malta Ltd.;Global 5000;9H-IBD;13;2012;Ultra Long Range
Apex Flight Solutions L.L.C-FZ (Operated by Alliance Executive Jets Ltd);Global 5000;9H-IOO;9;2009;Ultra Long Range
Gulf Wings FZE;Global 5000;A6-AZK;13;2015;Ultra Long Range
Royal Jet;Global 5000;A6-RJC;12;2014;Ultra Long Range
Royal Jet;Global 5000;A6-RJD;12;2015;Ultra Long Range
Jet Concierge Club (Operated by Concierge U Limited);Global 5000;G-OMTX;9;2009;Ultra Long Range
Nomad Aviation AG;Global 5000;HB-JOR;12;2011;Ultra Long Range
New Jet International (Operated by Sirio SpA);Global 5000;I-AMMA;13;2014;Ultra Long Range
Gojet247 (Operated by Cheyenne S.A.);Global 5000;LV-KLE;13;2011;Ultra Long Range
Magna Aviation (Operated by Skyside GmbH);Global 5000;OE-LGE;6;2014;Ultra Long Range
Avcon Jet AG;Global 5000;OE-LHU;13;2013;Ultra Long Range
ELITE JET;Global 5000;OM-NTN;15;2010;Ultra Long Range
FLYINGGROUP;Global 5000;PH-BEJ;10;2020;Ultra Long Range
Svenskt Industriflyg;Global 5000;SE-RAY;12;2008;Ultra Long Range
Jet Story;Global 5000;SP-ZAK;14;2008;Ultra Long Range
Alexjet (Operated by Alex Jets San Marino S.R.L.);Global 5000;T7-ALEX;13;2006;Ultra Long Range
Alexjet (Operated by Alex Jets San Marino S.R.L.);Global 5000;T7-ALEX1;12;2005;Ultra Long Range
Avcon Jet AG (Operated by Avcon Jet SRL);Global 5000;T7-LAVI;12;2010;Ultra Long Range
Empire Aviation Group (Operated by Empire Aviation San Marino SRL.);Global 5000;T7-M888K;13;2012;Ultra Long Range
Royal Air Ltd (Operated by Avcon Jet SRL);Global 5000;T7-ROYAL;13;2010;Ultra Long Range
Avcon Jet AG (Operated by Avcon Jet SRL);Global 5000;T7-TDZ;13;2012;Ultra Long Range
MC HAVACILIK;Global 5000;TC-ARC;10;2018;Ultra Long Range
BE AERO HAVACILIK A.Ş;Global 5000;TC-NKS;14;2013;Ultra Long Range
Bonair;Global 5000;TC-RMS;13;2009;Ultra Long Range
Aeroglobe Aviation Services Havacılık ve Tic. A.Ş (Operated by Genel Havacilik A.S.);Global 5000;TC-YRZ;13;2017;Ultra Long Range
ElitAvia Malta Ltd.;Global 5500;9H-LEL;13;2026;Ultra Long Range
TAG Aviation UK;Global 5500;9H-MAS;12;2022;Ultra Long Range
Aero-Dienst GmbH;Global 5500;D-ARCG;13;2024;Ultra Long Range
ProAir-Charter-Transport GmbH (Operated by ProAir Aviation GmbH);Global 5500;D-ASHY;8;2024;Ultra Long Range
Jet Concierge Club (Operated by Concierge U Limited);Global 5500;G-LAKA;8;2024;Ultra Long Range
Blackbird Air  A/S;Global 5500;OY-VVO;15;2024;Ultra Long Range
FLYINGGROUP (Operated by Hyperion Aviation ltd);Global 6000;9H-AMF;13;2012;Ultra Long Range
Vista (Operated by VistaJet Ltd);Global 6000;9H-IGH;14;2013;Ultra Long Range
ElitAvia Malta Ltd.;Global 6000;9H-JBJ;13;2012;Ultra Long Range
Avcon Jet AG (Operated by Avcon Jet Malta Ltd);Global 6000;9H-SFG;10;2014;Ultra Long Range
Right Jet FZCO (Operated by Hyperion Aviation ltd);Global 6000;9H-VEGA;10;2014;Ultra Long Range
Vista (Operated by VistaJet Ltd);Global 6000;9H-VJA;14;2011;Ultra Long Range
Vista (Operated by VistaJet Ltd);Global 6000;9H-VJC;14;2011;Ultra Long Range
Vista (Operated by VistaJet Ltd);Global 6000;9H-VJD;14;2011;Ultra Long Range
Vista (Operated by VistaJet Ltd);Global 6000;9H-VJE;14;2013;Ultra Long Range
Vista (Operated by VistaJet Ltd);Global 6000;9H-VJF;14;2012;Ultra Long Range
Vista (Operated by VistaJet Ltd);Global 6000;9H-VJG;14;2014;Ultra Long Range
Vista (Operated by VistaJet Ltd);Global 6000;9H-VJH;14;2014;Ultra Long Range
Vista (Operated by VistaJet Ltd);Global 6000;9H-VJI;14;2014;Ultra Long Range
Vista (Operated by VistaJet Ltd);Global 6000;9H-VJJ;14;2014;Ultra Long Range
Vista (Operated by VistaJet Ltd);Global 6000;9H-VJK;14;2014;Ultra Long Range
Vista (Operated by VistaJet Ltd);Global 6000;9H-VJL;14;2014;Ultra Long Range
Vista (Operated by VistaJet Ltd);Global 6000;9H-VJM;14;2015;Ultra Long Range
Vista (Operated by VistaJet Ltd);Global 6000;9H-VJN;14;2014;Ultra Long Range
Vista (Operated by VistaJet Ltd);Global 6000;9H-VJP;14;2015;Ultra Long Range
Vista (Operated by VistaJet Ltd);Global 6000;9H-VJQ;14;2015;Ultra Long Range
Vista (Operated by VistaJet Ltd);Global 6000;9H-VJR;14;2015;Ultra Long Range
Vista (Operated by VistaJet Ltd);Global 6000;9H-VJS;14;2015;Ultra Long Range
Vista (Operated by VistaJet Ltd);Global 6000;9H-VJT;14;2016;Ultra Long Range
Vista (Operated by VistaJet Ltd);Global 6000;9H-VJU;14;2015;Ultra Long Range
Vista (Operated by VistaJet Ltd);Global 6000;9H-VJV;14;2016;Ultra Long Range
Vista (Operated by VistaJet Ltd);Global 6000;9H-VJW;14;2016;Ultra Long Range
Vista (Operated by VistaJet Ltd);Global 6000;9H-VJX;14;2016;Ultra Long Range
Vista (Operated by VistaJet Ltd);Global 6000;9H-VJY;14;2015;Ultra Long Range
Vista (Operated by VistaJet Ltd);Global 6000;9H-VJZ;14;2016;Ultra Long Range
Vista (Operated by VistaJet Ltd);Global 6000;9H-VTD;14;2017;Ultra Long Range
Vista (Operated by VistaJet Ltd);Global 6000;9H-VTE;14;2012;Ultra Long Range
Empire Aviation Group;Global 6000;A6-CPC;14;2015;Ultra Long Range
Luxaviation (Operated by Luxaviation E.A.S.A.);Global 6000;CS-JHH;12;2014;Ultra Long Range
Executive Jet Management Europe;Global 6000;CSDSG;10;2019;Ultra Long Range
Executive Jet Management Europe;Global 6000;CSREU;10;2018;Ultra Long Range
FAI rent-a-jet;Global 6000;D-AXTM;14;2013;Ultra Long Range
Jet Concierge Club (Operated by Concierge U Limited);Global 6000;G-EMLG;9;2011;Ultra Long Range
Luxaviation (Operated by London Executive Aviation);Global 6000;G-FOMO;14;2018;Ultra Long Range
Catreus Ltd;Global 6000;G-OUEG;12;2018;Ultra Long Range
Jet Concierge Club (Operated by Concierge U Limited);Global 6000;G-VTLY;10;2011;Ultra Long Range
Skyservice Business Aviation;Global 6000;GRKB;16;2012;Ultra Long Range
Swiss Private Jet SA;Global 6000;HB-JLC;8;2019;Ultra Long Range
Albinati Aeronautics (Operated by Albinati Aviation Ltd);Global 6000;I-PFLY;9;2015;Ultra Long Range
Glock Aviation GmbH;Global 6000;OE-IGL;14;2015;Ultra Long Range
Avcon Jet AG;Global 6000;OE-LCS;13;2015;Ultra Long Range
Eclair s.r.o.;Global 6000;OKGRX;12;2018;Ultra Long Range
Empire Aviation Group (Operated by Empire Aviation San Marino SRL.);Global 6000;T7-RSP;13;2017;Ultra Long Range
Empire Aviation Group (Operated by Empire Aviation San Marino SRL.);Global 6000;T7-SSB;13;2018;Ultra Long Range
Bikinijet (Operated by BKNJET HAVACILIK A.Ş.);Global 6000;TC-MAK;14;2015;Ultra Long Range
Union Aviation;Global 6000;YL-WAY;13;2013;Ultra Long Range
SPARFELL Airways SA (Operated by Sparfell Malta Ltd);Global 6500;9H-PPJ;10;2025;Ultra Long Range
Alexjet (Operated by Falcon Aviation Services);Global 6500;A6-AFA;13;2021;Ultra Long Range
Jet Concierge Club (Operated by Concierge U Limited);Global 6500;G-IFMI;9;2022;Ultra Long Range
Jet Concierge Club (Operated by Concierge U Limited);Global 6500;G-LMHA;9;2024;Ultra Long Range
Jet Concierge Club (Operated by Concierge U Limited);Global 6500;G-SBNM;4;2023;Ultra Long Range
New Jet International (Operated by Sirio SpA);Global 6500;I-RPRR;14;2026;Ultra Long Range
Avcon Jet AG;Global 6500;OE-LAD;10;2024;Ultra Long Range
1903 Aviation AB;Global 6500;SE-RNG;13;2023;Ultra Long Range
Empire Aviation Group (Operated by Empire Aviation San Marino SRL.);Global 6500;T7-MBG;13;2019;Ultra Long Range
Union Aviation;Global 6500;YL-AUL;12;2019;Ultra Long Range
DC Aviation Group (Operated by DC Aviation Malta);Global 7500;9H-DCGB;12;2023;Ultra Long Range
ElitAvia Malta Ltd.;Global 7500;9H-IBI;15;2021;Ultra Long Range
ASTONJET LTD.;Global 7500;9H-MAX;18;2023;Ultra Long Range
Vista (Operated by VistaJet Ltd);Global 7500;9H-VIB;14;2021;Ultra Long Range
Vista (Operated by VistaJet Ltd);Global 7500;9H-VIC;14;2021;Ultra Long Range
Vista (Operated by VistaJet Ltd);Global 7500;9H-VID;14;2021;Ultra Long Range
Vista (Operated by VistaJet Ltd);Global 7500;9H-VIE;14;2021;Ultra Long Range
Vista (Operated by VistaJet Ltd);Global 7500;9H-VIG;14;2021;Ultra Long Range
Vista (Operated by VistaJet Ltd);Global 7500;9H-VIH;14;2021;Ultra Long Range
Vista (Operated by VistaJet Ltd);Global 7500;9H-VII;14;2021;Ultra Long Range
Vista (Operated by VistaJet Ltd);Global 7500;9H-VIJ;14;2022;Ultra Long Range
Vista (Operated by VistaJet Ltd);Global 7500;9H-VIK;14;2022;Ultra Long Range
Vista (Operated by VistaJet Ltd);Global 7500;9H-VIL;14;2022;Ultra Long Range
Vista (Operated by VistaJet Ltd);Global 7500;9H-VIM;14;2022;Ultra Long Range
Vista (Operated by VistaJet Ltd);Global 7500;9H-VIN;14;2022;Ultra Long Range
Vista (Operated by VistaJet Ltd);Global 7500;9H-VIO;14;2022;Ultra Long Range
Vista (Operated by VistaJet Ltd);Global 7500;9H-VISTA;14;2022;Ultra Long Range
Vista (Operated by VistaJet Ltd);Global 7500;9H-VIT;14;2022;Ultra Long Range
Vista (Operated by VistaJet Ltd);Global 7500;9H-VONE;14;2022;Ultra Long Range
Executive Jet Management Europe;Global 7500;CSESS;12;2021;Ultra Long Range
Jet Concierge Club (Operated by Concierge U Limited);Global 7500;G-HNEY;10;2022;Ultra Long Range
Global Jet Luxembourg S.A. (Operated by Global Jet Austria GmbH);Global 7500;HB-JIT;8;2020;Ultra Long Range
Global Jet Luxembourg S.A.;Global 7500;LX-ARY;12;2025;Ultra Long Range
Global Jet Luxembourg S.A. (Operated by Global Jet Austria GmbH);Global 7500;OE-IXI;14;2022;Ultra Long Range
Glock Aviation GmbH;Global 7500;OE-LGG;12;2025;Ultra Long Range
SPARFELL Airways SA (Operated by SPARFELL Luftfahrt GmbH);Global 7500;OE-LOE;8;2020;Ultra Long Range
Alexjet (Operated by Alex Jets San Marino S.R.L.);Global 7500;T7-AFZ;19;2020;Ultra Long Range
Empire Aviation Group (Operated by Empire Aviation San Marino SRL.);Global 7500;T7-PYR;16;2022;Ultra Long Range
Avcon Jet AG (Operated by Avcon Jet SRL);Global 7500;T7-TBA;16;2025;Ultra Long Range
VOLUXIS (Operated by Voluxis San Marino);Global 7500;T7-ZAM;14;2024;Ultra Long Range
Alexjet (Operated by Falcon Aviation Services);Global Express;A6-AFD;14;2006;Ultra Long Range
Alexjet (Operated by Falcon Aviation Services);Global Express;A6-AFE;13;2004;Ultra Long Range
FAI rent-a-jet;Global Express;D-ACEV;10;2002;Ultra Long Range
FAI rent-a-jet;Global Express;D-AFAM;15;2001;Ultra Long Range
FAI rent-a-jet;Global Express;D-AFAO;12;2001;Ultra Long Range
FAI rent-a-jet;Global Express;D-AFAU;11;2000;Ultra Long Range
FAI rent-a-jet;Global Express;D-AUWE;14;2000;Ultra Long Range
Haute Aviation AG;Global Express;HB-JGF;12;2001;Ultra Long Range
Premium Jet AG;Global Express;HB-JGP;13;2008;Ultra Long Range
Flapper Technologies LLC (Operated by Air Jet Taxi Aereo LTDA);Global Express;PR-VDR;14;1999;Ultra Long Range
JetPartner (Operated by Quattro Jet Havacilik Tic As);Global Express;TC-GMM;13;2000;Ultra Long Range
BE AERO HAVACILIK A.Ş;Global Express;TC-KRD;13;2002;Ultra Long Range
ALTUSJET LIMITED (Operated by Avcon Jet Malta Ltd);Global Express XRS;9H-BSH;13;2011;Ultra Long Range
Sentient Jet (Operated by Flexjet Operations Malta LTD);Global Express XRS;9H-GVBJ;12;2007;Ultra Long Range
Skyfirst;Global Express XRS;9H-III;14;2001;Ultra Long Range
Alexjet;Global Express XRS;A6-AFC;10;2009;Ultra Long Range
ACM Air Charter;Global Express XRS;D-ACCC;10;2009;Ultra Long Range
Gestair;Global Express XRS;EC-LEB;14;2009;Ultra Long Range
Gestair;Global Express XRS;EC-MMD;13;2012;Ultra Long Range
Gestair;Global Express XRS;EC-MNH;15;2010;Ultra Long Range
IXAIR;Global Express XRS;F-HXRG;15;2011;Ultra Long Range
Catreus Ltd;Global Express XRS;G-RAJV;12;2006;Ultra Long Range
Over The Lux S.R.L. (Operated by Sirio SpA);Global Express XRS;I-GOAR;10;2011;Ultra Long Range
Global Jet Luxembourg S.A.;Global Express XRS;LX-GOL;10;2010;Ultra Long Range
EAC Group (Operated by Global Jet Luxembourg S.A.);Global Express XRS;LX-JNC;13;2007;Ultra Long Range
Glock Aviation GmbH;Global Express XRS;OE-IGG;13;2010;Ultra Long Range
Goldeck-Flug;Global Express XRS;OE-ISJ;13;2010;Ultra Long Range
Avcon Jet AG;Global Express XRS;OE-LCA;13;2006;Ultra Long Range
Gainjet Aviation S.A.;Global Express XRS;SX-LNS;14;2007;Ultra Long Range
DC Aviation Al Futtaim LLC (Operated by DC AVIATION SAN MARINO S.R.L.);Global Express XRS;T7-ELMIR;13;2009;Ultra Long Range
Triton Aviation Limited (Operated by Empire Aviation San Marino SRL.);Global Express XRS;T7-JAT;13;2009;Ultra Long Range
Avcon Jet AG (Operated by Avcon Jet SRL);Global Express XRS;T7-KVJ;14;2009;Ultra Long Range
Jet Aviation Business Jets, Ltd. (Hong Kong) (Operated by Jet Aviation Business Jets San Marino);Global Express XRS;T7-SKL;13;2010;Ultra Long Range
Bonair;Global Express XRS;TC-ACN;13;2009;Ultra Long Range
Bikinijet (Operated by BKNJET HAVACILIK A.Ş.);Global Express XRS;TC-DDD;14;2010;Ultra Long Range
AFIJET HAVACILIK LİMİTED (Operated by Genel Havacilik A.S.);Global Express XRS;TC-TSS;13;2009;Ultra Long Range
Union Aviation;Global Express XRS;YL-DAM;13;2007;Ultra Long Range
Union Aviation;Global Express XRS;YL-VCR;12;2003;Ultra Long Range
Shino Aviation (Operated by G.A.D. FLIGHTS LTD);Gulfstream G-200;4X-CNL;11;2003;Super Midsize Jet
Global Jet Luxembourg S.A. (Operated by Global Jet Austria GmbH);Gulfstream G-200;EC-KBC;9;2007;Super Midsize Jet
Executive Jet Management Europe;Gulfstream G-200;ECKRN;9;2008;Super Midsize Jet
MJet GmbH;Gulfstream G-200;OE-HAL;10;2009;Super Midsize Jet
MJet GmbH;Gulfstream G-200;OE-HGS;10;2009;Super Midsize Jet
MJet GmbH;Gulfstream G-200;OE-HMF;9;2010;Super Midsize Jet
Avcon Jet AG;Gulfstream G-200;OE-HTI;9;2003;Super Midsize Jet
JoinJet A/S;Gulfstream G-200;OY-IUV;9;2002;Super Midsize Jet
Midline Aviation Services Br.Midline Investments L.L.C (Operated by Titan Aviation San Marino S.R.L.);Gulfstream G-200;T7-MIDA;9;2011;Super Midsize Jet
MY JET S.R.L.;Gulfstream G-200;YR-DSR;10;2009;Super Midsize Jet
Executive Jet Management Europe;Gulfstream G-280;CSVLZ;6;2018;Super Midsize Jet
DC Aviation Group;Gulfstream G-280;D-BDRX;9;2023;Super Midsize Jet
Alpine Sky Jets Ltd. (Operated by Alpine Flightservice);Gulfstream G-280;OE-HWM;9;2017;Super Midsize Jet
Eclair s.r.o.;Gulfstream G-280;OKGTX;10;2023;Super Midsize Jet
AMC Aviation;Gulfstream G-280;SP-NVM;9;2016;Super Midsize Jet
Baires Fly S.A;Gulfstream G-400;LV-JQW;13;2004;Heavy Jet
FLYZAR;Gulfstream G-400;LV-SYG;14;2004;Heavy Jet
CKD Aviation;Gulfstream G-400;TCTOZ;14;2004;Heavy Jet
Gestair Aviation Malta;Gulfstream G-450;9H-AMO;13;2005;Heavy Jet
ElitAvia Malta Ltd.;Gulfstream G-450;9H-JVA;13;2013;Heavy Jet
Alexjet (Operated by Falcon Aviation Services);Gulfstream G-450;A6-FLH;14;2009;Heavy Jet
Rotana Jet;Gulfstream G-450;A6-ORX;14;2008;Heavy Jet
ACASS (Operated by ACASS Ireland Limited);Gulfstream G-450;EJ-SCOT;9;2008;Heavy Jet
Jet Concierge Club (Operated by Concierge U Limited);Gulfstream G-450;G-TAYC;14;2006;Heavy Jet
Gojet247 (Operated by EMES AIR SOCIEDAD ANÓNIMA);Gulfstream G-450;LV-KEB;14;2008;Heavy Jet
SkyMark Executive FZCO;Gulfstream G-450;P4-ICON;16;2008;Heavy Jet
UpStar Aviation;Gulfstream G-450;PR-GFT;14;2010;Heavy Jet
SkyMark Executive FZCO;Gulfstream G-450;T7-LJA;14;2013;Heavy Jet
Midline Aviation Services Br.Midline Investments L.L.C (Operated by Titan Aviation San Marino S.R.L.);Gulfstream G-450;T7-MID;13;2013;Heavy Jet
YDA Havacılık (Operated by Vizyon Havacılık Sanayi ve Ticaret Anonim Şirketi);Gulfstream G-450;TC-ATM;16;2008;Heavy Jet
Vatanjet Aviation Inc. (Operated by REC HAVACILIK TAŞIMACILIK TURİZM VE TİCARET A.Ş);Gulfstream G-450;TC-REC;16;2012;Heavy Jet
Vatanjet Aviation Inc.;Gulfstream G-450;TC-VTN;14;2011;Heavy Jet
SPARFELL Airways SA (Operated by Sparfell Luxembourg S.A.);Gulfstream G-500;LX-NJC;14;2025;Ultra Long Range
SPARFELL Airways SA (Operated by SPARFELL Luftfahrt GmbH);Gulfstream G-500;OE-IDZ;12;2025;Ultra Long Range
Jet Aviation Business Jets AG (Operated by Bairline Fluggesellschaft mbH & Co KG);Gulfstream G-500;OE-LUB;13;2020;Ultra Long Range
Alpine Sky Jets Ltd. (Operated by MJet GmbH);Gulfstream G-500;OE-LVA;13;2020;Ultra Long Range
Gestair;Gulfstream G-550;EC-MRL;18;2017;Ultra Long Range
Welojets Air Mobility SL (Operated by Gestair);Gulfstream G-550;EC-OFG;14;2013;Ultra Long Range
Gainjet Aviation S.A. (Operated by GAIN JET IRELAND LIMITED);Gulfstream G-550;EI-LSY;14;2012;Ultra Long Range
Jet Concierge Club (Operated by Concierge U Limited);Gulfstream G-550;G-LSCW;14;2014;Ultra Long Range
Jet Aviation Business Jets AG;Gulfstream G-550;HB-JAZ;8;2019;Ultra Long Range
Pacific Ocean S.A;Gulfstream G-550;LV-KLB;12;2011;Ultra Long Range
Global Jet Luxembourg S.A.;Gulfstream G-550;LX-JNE;10;2013;Ultra Long Range
Luxaviation (Operated by Luxaviation Luxembourg);Gulfstream G-550;LX-MCE;14;2013;Ultra Long Range
Jet Aviation Business Jets AG (Operated by Skyside GmbH);Gulfstream G-550;OE-IKG;14;2010;Ultra Long Range
GJET S.R.L.;Gulfstream G-550;T7-AWK;14;2011;Ultra Long Range
Jet Aviation Business Jets, Ltd. (Hong Kong) (Operated by Jet Aviation Business Jets San Marino);Gulfstream G-550;T7-OKS;14;2015;Ultra Long Range
Alfa Jet;Gulfstream G-550;TC-JUN;14;2007;Ultra Long Range
Vatanjet Aviation Inc.;Gulfstream G-550;TC-VTJ;14;2015;Ultra Long Range
Global Jet Luxembourg S.A.;Gulfstream G-600;LX-TTS;5;2024;Ultra Long Range
Empire Aviation Group (Operated by Empire Aviation San Marino SRL.);Gulfstream G-600;T7-RAVI;13;2025;Ultra Long Range
SkyMark Executive FZCO;Gulfstream G-600;T7-SME;14;2019;Ultra Long Range
Avcon Jet AG (Operated by Avcon Jet Malta Ltd);Gulfstream G-650;9H-SBS;10;2013;Ultra Long Range
Gainjet Aviation S.A.;Gulfstream G-650;EI-LSN;16;2014;Ultra Long Range
MJet GmbH;Gulfstream G-650;OE-IRR;10;2015;Ultra Long Range
Jet Story;Gulfstream G-650;SP-TOP;14;2015;Ultra Long Range
Air Charter Service - Dubai (Operated by SybaJet San Marino SRL);Gulfstream G-650;T7-DXB;16;2016;Ultra Long Range
DC Aviation Al Futtaim LLC (Operated by DC AVIATION SAN MARINO S.R.L.);Gulfstream G-650;T7-TBC;15;2016;Ultra Long Range
Sentient Jet (Operated by Flexjet Operations Malta LTD);Gulfstream G-650ER;9H-649FX;12;2015;Ultra Long Range
Qatar Executive;Gulfstream G-650ER;A7-CGA;13;2015;Ultra Long Range
Qatar Executive;Gulfstream G-650ER;A7-CGB;13;2016;Ultra Long Range
Qatar Executive;Gulfstream G-650ER;A7-CGC;13;2016;Ultra Long Range
Qatar Executive;Gulfstream G-650ER;A7-CGD;13;2017;Ultra Long Range
Qatar Executive;Gulfstream G-650ER;A7-CGE;13;2018;Ultra Long Range
Qatar Executive;Gulfstream G-650ER;A7-CGF;10;2019;Ultra Long Range
Qatar Executive;Gulfstream G-650ER;A7-CGG;13;2019;Ultra Long Range
Qatar Executive;Gulfstream G-650ER;A7-CGH;13;2021;Ultra Long Range
Qatar Executive;Gulfstream G-650ER;A7-CGI;13;2021;Ultra Long Range
Qatar Executive;Gulfstream G-650ER;A7-CGJ;13;2021;Ultra Long Range
Qatar Executive;Gulfstream G-650ER;A7-CGL;13;2021;Ultra Long Range
Qatar Executive;Gulfstream G-650ER;A7-CGM;13;2021;Ultra Long Range
Qatar Executive;Gulfstream G-650ER;A7-CGN;10;2022;Ultra Long Range
Qatar Executive;Gulfstream G-650ER;A7-CGO;10;2022;Ultra Long Range
Qatar Executive;Gulfstream G-650ER;A7-CGU;10;2022;Ultra Long Range
DC Aviation Group;Gulfstream G-650ER;D-AIRI;13;2024;Ultra Long Range
Nomad Aviation AG;Gulfstream G-650ER;HB-JLO;14;2023;Ultra Long Range
Global Jet Luxembourg S.A.;Gulfstream G-650ER;LX-ESO;10;2019;Ultra Long Range
Global Jet Luxembourg S.A.;Gulfstream G-650ER;LX-ICE;12;2021;Ultra Long Range
Global Jet Luxembourg S.A.;Gulfstream G-650ER;LX-JLK;12;2022;Ultra Long Range
SPARFELL Airways SA (Operated by SPARFELL Luftfahrt GmbH);Gulfstream G-650ER;OE-LTF;13;2018;Ultra Long Range
Jet Aviation Business Jets, Ltd. (Hong Kong) (Operated by Jet Aviation Business Jets San Marino);Gulfstream G-650ER;T7-333;14;2018;Ultra Long Range
Qatar Executive;Gulfstream G-700;A7-CHA;13;2023;Ultra Long Range
Qatar Executive;Gulfstream G-700;A7-CHB;13;2023;Ultra Long Range
Qatar Executive;Gulfstream G-700;A7-CHC;13;2023;Ultra Long Range
Qatar Executive;Gulfstream G-700;A7-CHD;13;2023;Ultra Long Range
Qatar Executive;Gulfstream G-700;A7-CHE;13;2024;Ultra Long Range
Qatar Executive;Gulfstream G-700;A7-CHF;13;2024;Ultra Long Range
Qatar Executive;Gulfstream G-700;A7-CHG;13;2024;Ultra Long Range
Qatar Executive;Gulfstream G-700;A7-CHH;13;2024;Ultra Long Range
Qatar Executive;Gulfstream G-700;A7-CHJ;13;2025;Ultra Long Range
Gestair;Gulfstream G-700;EC-ORR;16;2026;Ultra Long Range
Blackbird Air  A/S;Gulfstream G-700;OY-BBM;19;2024;Ultra Long Range
Jet Story;Gulfstream G-700;SP-NEW;17;2025;Ultra Long Range
AXIS Aviation AG;Gulfstream G-700;T7-MINT;15;2024;Ultra Long Range
Swan Aviation;Gulfstream G-700;TC-MAA;18;2025;Ultra Long Range
CKD Aviation;Gulfstream G-IV;TC-CFD;14;1999;Heavy Jet
SARVON HAVACILIK VE TAŞIMACILIK A.S. (Operated by Genel Havacilik A.S.);Gulfstream G-IV;TC-SVN;14;2001;Heavy Jet
Bikinijet (Operated by BKNJET HAVACILIK A.Ş.);Gulfstream G-IVSP;TC-AHL;14;1996;Heavy Jet
SIERRA HAVACILIK ANONIM SIRKETI;Gulfstream G-IVSP;TC-AKB;14;2000;Heavy Jet
FANTOM HAVACILIK A.S. (Operated by Jet Globe);Gulfstream G-IVSP;TC-DMR;13;2002;Heavy Jet
SIERRA HAVACILIK ANONIM SIRKETI;Gulfstream G-IVSP;TC-EMR;14;2002;Heavy Jet
FERLINE HAVACILIK ULASIM LTD STI. (Operated by Genel Havacilik A.S.);Gulfstream G-IVSP;TC-GKL;13;2002;Heavy Jet
Azra Jet;Gulfstream G-IVSP;TC-GVB;16;1988;Heavy Jet
Alfa Jet;Gulfstream G-IVSP;TC-MAY;13;2000;Heavy Jet
Plures;Gulfstream G-IVSP;TC-STN;13;2001;Heavy Jet
Baires Fly S.A;Gulfstream G-V;LV-KAX;14;1997;Heavy Jet
FLYZAR;Gulfstream G-V;LV-KLH;15;2002;Heavy Jet
FLYZAR;Gulfstream G-V;LV-VEG;14;2000;Heavy Jet
Swiss ACM (Operated by International Jet Management GmbH);Gulfstream G-V;OE-IIS;12;2000;Heavy Jet
SkyMark Executive FZCO;Gulfstream G-V;T7-VVV;14;2000;Heavy Jet
ABjet srl (Operated by Slam Lavori Aerei S.r.l.);Hawker 400 A;I-AERB;8;1993;Light Jet
JetBee Czech s.r.o.;Hawker 400 A;OK-BZZ;8;2008;Light Jet
CKD Aviation;Hawker 400 A;TCCKD;8;2001;Light Jet
JetBee Czech s.r.o.;Hawker 4000;OK-BFF;8;2012;Light Jet
JoinJet A/S;Hawker 4000;OY-JJS;8;2011;Light Jet
FCM JETS Group Ltd (Operated by Fly-Coop Ltd.);Hawker 400XP;HA-LUA;7;2005;Light Jet
FCM JETS Group Ltd (Operated by Fly-Coop Ltd.);Hawker 400XP;HA-YFH;7;2007;Light Jet
Topjet Executive (Operated by Aliserio s.r.l.);Hawker 400XP;I-JSET;7;1996;Light Jet
Topjet Executive (Operated by Aliserio s.r.l.);Hawker 400XP;I-TOPF;7;1997;Light Jet
Topjet Executive (Operated by Aliserio s.r.l.);Hawker 400XP;I-TOPX;7;2008;Light Jet
Black Táxi Aéreo;Hawker 400XP;PS-FLP;8;2000;Light Jet
Smart Jet Sp z o.o.;Hawker 400XP;SP-ATT;7;2006;Light Jet
Smart Jet Sp z o.o.;Hawker 400XP;SP-EAK;7;2007;Light Jet
Smart Jet Sp z o.o.;Hawker 400XP;SP-OOK;7;2007;Light Jet
Smart Jet Sp z o.o.;Hawker 400XP;SP-TTA;7;2010;Light Jet
Jet Story;Hawker 750;SP-CEO;8;2010;Midsize Jet
SOZJET HAVACILIK ANONİM ŞİRKETİ;Hawker 750;TC-FBC;7;2009;Midsize Jet
MATRIX AVIATION AND CONSULTANCY LL-FZ (Operated by Genel Havacilik A.S.);Hawker 750;TC-ISL;8;2008;Midsize Jet
Aras Air Global Havacilik A.S (Operated by Genel Havacilik A.S.);Hawker 750;TC-ORK;8;2008;Midsize Jet
Bonair;Hawker 750;TC-TCB;8;2008;Midsize Jet
Exxaero Fleet B.V. (Operated by Exxaero GmbH);Hawker 750 XP;D-CETB;8;2009;Midsize Jet
Topjet Executive (Operated by Aliserio s.r.l.);Hawker 750 XP;I-EPAM;8;2009;Midsize Jet
Arrow Aviation Ltd.;Hawker 800XP;4X-CNZ;9;2001;Midsize Jet
Arrow Aviation Ltd.;Hawker 800XP;4X-CUZ;9;2002;Midsize Jet
Arrow Aviation Ltd.;Hawker 800XP;4X-CZF;9;1999;Midsize Jet
VALLJET;Hawker 800XP;F-HPUR;8;2003;Midsize Jet
Topjet Executive (Operated by Aliserio s.r.l.);Hawker 800XP;I-KREM;8;2003;Midsize Jet
Topjet Executive (Operated by Aliserio s.r.l.);Hawker 800XP;I-LOSO;8;2004;Midsize Jet
Arab Wings;Hawker 800XP;JY-AWD;8;2002;Midsize Jet
AERONAUTICA SA;Hawker 800XP;LV-IWV;9;1997;Midsize Jet
Charter Jets;Hawker 800XP;LY-HCW;8;1999;Midsize Jet
Charter Jets;Hawker 800XP;LY-LTA;6;2006;Midsize Jet
SKYPRO CHARTERS LIMITED (Operated by AXIS Aviation AG);Hawker 800XP;T7-MAX;8;2005;Midsize Jet
MC HAVACILIK;Hawker 800XP;TC-ACA;8;2000;Midsize Jet
Point Jet Aviation (Operated by MC Havacilik A.S);Hawker 800XP;TC-LEV;8;2000;Midsize Jet
EB HAVACILIK HİZMETLERİ A.Ş (Operated by Genel Havacilik A.S.);Hawker 800XP;TC-NYK;8;2004;Midsize Jet
Star Fly Havacilik A.S (Operated by Genel Havacilik A.S.);Hawker 800XP;TC-STR;8;2007;Midsize Jet
VOLUXIS;Hawker 850XP;G-TZBW;8;2006;Midsize Jet
Topjet Executive (Operated by Aliserio s.r.l.);Hawker 850XP;I-TOPH;8;2006;Midsize Jet
CEOJETSET (Operated by PT. Jet Eksekutif Travya (JETSET));Hawker 850XP;PK-CEO;9;2006;Midsize Jet
Hongkong Jet (Operated by SONIC AIR SAN MARINO S.R.L.);Hawker 850XP;T7HKJ;8;2007;Midsize Jet
Point Jet Aviation (Operated by Genel Havacilik A.S.);Hawker 850XP;TC-KRA;8;2006;Midsize Jet
Alfa Jet;Hawker 850XP;TC-MTS;8;2007;Midsize Jet
ANT Aircraft Services Inc (Operated by Bonair);Hawker 850XP;TC-SHE;8;2007;Midsize Jet
Mira Aviation (Operated by Bonair);Hawker 850XP;TC-TIM;8;2006;Midsize Jet
Jet Asia Management (Operated by Pt. Indonesia Air Transport);Hawker 900 XP;PK-JAM;8;2011;Midsize Jet
AFIJET HAVACILIK LİMİTED (Operated by Genel Havacilik A.S.);Hawker 900 XP;TC-DIO;9;2009;Midsize Jet
Gayo Aviation (Operated by Genel Havacilik A.S.);Hawker 900 XP;TC-GAE;8;2009;Midsize Jet
VALLJET;Hawker 900XP;F-HFCS;8;2008;Midsize Jet
AIRLEC AIR ESPACE;Hawker 900XP;F-HICU;8;2009;Midsize Jet
VALLJET;Hawker 900XP;F-HPHX;8;2011;Midsize Jet
Slam Lavori Aerei S.r.l.;Hawker 900XP;I-FLDR;9;2010;Midsize Jet
Asia Corporate Jet SEZC (Operated by PT ALTIUS BAHARI INDONESIA);Hawker 900XP;PK-DJV;8;2009;Midsize Jet
Grafair Flight Management AB;Hawker 900XP;SE-RIE;8;2011;Midsize Jet
Grafair Flight Management AB;Hawker 900XP;SE-RLZ;8;2009;Midsize Jet
Luxaviation (Operated by Luxaviation San Marino S.R.L.);Hawker 900XP;T7-EMI;8;2007;Midsize Jet
ProAir-Charter-Transport GmbH (Operated by ProAir Aviation GmbH);HondaJet;D-IHER;4;2018;Entry Level Jet
AstraJet Ltd (Operated by Bookajet);HondaJet;G-FHJT;5;2016;Entry Level Jet
Bookajet;HondaJet;G-HJUK;5;2017;Entry Level Jet
SalzburgJetAviation GmbH;HondaJet;OE-FUA;5;2018;Entry Level Jet
Lider Taxi Aereo S/A - Air Brasil;HondaJet;PP-BRU;6;2019;Entry Level Jet
Vizion Air (Operated by FLYINGGROUP);HondaJet Elite;F-HFOO;4;2019;Entry Level Jet
MY JET S.R.L.;HondaJet Elite;YR-WHO;5;2017;Entry Level Jet
Lenti Aviation GmbH (Operated by Flexflight);HondaJet Elite II;D-IVVV;5;2023;Entry Level Jet
Flexflight;HondaJet Elite II;OY-ERS;5;2024;Entry Level Jet
AstraJet Ltd (Operated by Bookajet);HondaJet Elite S;G-FHJS;5;2019;Entry Level Jet
South American Jets LLC (Operated by GRUPO IMAS S.A);Learjet 31;LV-JWC;8;1999;Light Jet
BATBAIK S.A.;Learjet 31A;LV-BTF;7;1995;Light Jet
Pacific Ocean S.A;Learjet 31A;LV-CNQ;7;1988;Light Jet
Baires Fly S.A;Learjet 35;LV-IYQ;7;1975;Light Jet
PHS - Premium Aviation and Handling Services, Soc. U.P. Lda;Learjet 40;CS-DHX;7;2005;Light Jet
ASL;Learjet 40;OO-HRG;6;2006;Light Jet
ASL;Learjet 40;OO-JGK;6;2007;Light Jet
FLYZAR;Learjet 40XR;LV-CJY;7;2008;Light Jet
JetEurope Executive S.r.l. (Operated by Avionord Srl);Learjet 45;I-AVND;9;2000;Light Jet
Amelia (Operated by Amelia International);Learjet 45;OE-GRD;9;2005;Light Jet
Flapper Technologies LLC (Operated by Air Jet Taxi Aereo LTDA);Learjet 45;PS-PVS;9;2008;Light Jet
Jet Assist Ltd (Operated by 247 Aviation Limited);Learjet 45XR;G-EMCY;9;2011;Light Jet
Opul Jets S.L (Operated by SaxonAir);Learjet 45XR;G-OSRL;7;2009;Light Jet
Jet Assist Ltd (Operated by 247 Aviation Limited);Learjet 45XR;G-SOVB;9;2003;Light Jet
SunDown Jet S.A.;Learjet 45XR;LV-JZQ;9;2007;Light Jet
European Air Ambulance;Learjet 45XR;LX-EAA;4;2007;Light Jet
European Air Ambulance;Learjet 45XR;LX-RSQ;4;2009;Light Jet
European Air Ambulance;Learjet 45XR;LX-TWO;4;2008;Light Jet
FAI Ambulance (Operated by FAI rent-a-jet);Learjet 60;D-CFAZ;7;1997;Midsize Jet
FAI Ambulance (Operated by FAI rent-a-jet);Learjet 60;D-CITA;7;1997;Midsize Jet
FAI Ambulance (Operated by FAI rent-a-jet);Learjet 60;D-CNUE;8;1983;Midsize Jet
FAI Ambulance (Operated by FAI rent-a-jet);Learjet 60;D-CPMU;8;1994;Midsize Jet
ICS-AERO (Operated by PANAVIATIC AS);Learjet 60;ES-PVN;7;2007;Midsize Jet
Baires Fly S.A;Learjet 60;LV-CCO;8;1994;Midsize Jet
Pacific Ocean S.A;Learjet 60;LV-CPC;8;1995;Midsize Jet
Baires Fly S.A;Learjet 60;LV-CPL;8;1994;Midsize Jet
FLYZAR;Learjet 60;LV-CUE;8;2000;Midsize Jet
Baires Fly S.A;Learjet 60;LV-FUF;8;2001;Midsize Jet
FLYZAR;Learjet 60;LV-FUT;7;2005;Midsize Jet
Baires Fly S.A;Learjet 60;LV-FVZ;8;2004;Midsize Jet
FLYZAR;Learjet 60;LV-GCK;8;1996;Midsize Jet
South American Jets LLC (Operated by GRUPO IMAS S.A);Learjet 60;LV-GVT;8;2004;Midsize Jet
FAI rent-a-jet;Learjet 60XR;D-CFAQ;6;2006;Midsize Jet
AMC Aviation;Learjet 60XR;SP-AMG;6;2008;Midsize Jet
AMC Aviation;Learjet 60XR;SP-CEZ;6;2008;Midsize Jet
AMC Aviation;Learjet 60XR;SP-MSI;6;2007;Midsize Jet
AMC Aviation;Learjet 60XR;SP-OVO;6;2008;Midsize Jet
ORTAC (AOC) LIMITED;Learjet 75;2-ONEL;9;2016;Midsize Jet
Avcon Jet AG;Learjet 75;OE-GLY;8;2018;Midsize Jet
Eclair s.r.o.;Learjet 75;OKMBS;7;2017;Midsize Jet
UpStar Aviation;Learjet 75;PR-HVD;8;2014;Midsize Jet
ASL;Legacy 450;OO-NEY;8;2016;Super Midsize Jet
Sentient Jet (Operated by Flexjet Operations Malta LTD);Legacy 500;9H-AFX;9;2015;Super Midsize Jet
Luxaviation Malta Ltd.;Legacy 500;9H-LPZ;8;2017;Super Midsize Jet
PAD Aviation Service;Legacy 500;D-BABE;8;2015;Super Midsize Jet
VOLUXIS;Legacy 500;G-HAPA;9;2018;Super Midsize Jet
Air Charter Scotland;Legacy 500;G-WLKR;7;2018;Super Midsize Jet
Cedar Executive (Operated by Middle East Airlines);Legacy 500;OD-CXJ;10;2016;Super Midsize Jet
Cedar Executive;Legacy 500;OD-CXL;10;2017;Super Midsize Jet
SPARFELL Luftfahrt GmbH;Legacy 500;OE-HPC;7;2018;Super Midsize Jet
Scanwings;Legacy 500;OH-TFG;9;2017;Super Midsize Jet
FLYINGGROUP;Legacy 500;OO-CYN;9;2018;Super Midsize Jet
ASL;Legacy 500;PH-LGD;10;2015;Super Midsize Jet
Air X;Legacy 600;9H-IMP;13;2004;Heavy Jet
Air X;Legacy 600;9H-ISLA;13;2002;Heavy Jet
Air X;Legacy 600;9H-JPC;13;2007;Heavy Jet
Vista (Operated by VistaJet Ltd);Legacy 600;9H-VEB;13;2009;Heavy Jet
Air X;Legacy 600;9H-WFC;13;2007;Heavy Jet
Vista (Operated by VistaJet GmbH);Legacy 600;D-AERO;13;2015;Heavy Jet
VALLJET (Operated by Thalair);Legacy 600;F-HFKD;13;2005;Heavy Jet
VALLJET (Operated by Thalair);Legacy 600;F-HGSA;13;2008;Heavy Jet
VALLJET (Operated by Thalair);Legacy 600;F-HJMA;13;2005;Heavy Jet
Luxaviation (Operated by London Executive Aviation);Legacy 600;G-KGKG;13;2008;Heavy Jet
MJet GmbH;Legacy 600;OE-IOI;10;2006;Heavy Jet
SIDUS AVIATION GMBH (Operated by Jetology);Legacy 600;OE-LOW;13;2006;Heavy Jet
ASL (Operated by JetNetherlands BV);Legacy 600;PH-JRC;13;2007;Heavy Jet
Fox Aviation d.o.o.;Legacy 600;S5-BTC;13;2010;Heavy Jet
Fox Aviation d.o.o.;Legacy 600;S5-VIK;13;2007;Heavy Jet
IVORY JET SERVICES;Legacy 600;T7-NTT;13;2007;Heavy Jet
Jet Globe;Legacy 600;TC-SMY;13;2007;Heavy Jet
Union Aviation;Legacy 600;YL-ARE;13;2008;Heavy Jet
Toyo Aviation;Legacy 600;YR-TRO;13;2009;Heavy Jet
FLY MY SKY DOO BEOGRAD;Legacy 600;YU-PEE;13;2007;Heavy Jet
Vista (Operated by VistaJet Ltd);Legacy 650;9H-VEA;12;2015;Heavy Jet
Alexjet (Operated by Falcon Aviation Services);Legacy 650;A6-AFO;14;2011;Heavy Jet
Empire Aviation Group;Legacy 650;A6-HAS;13;2015;Heavy Jet
Vista (Operated by VistaJet GmbH);Legacy 650;D-AAHO;13;2011;Heavy Jet
Vista (Operated by VistaJet GmbH);Legacy 650;D-AFBS;13;2015;Heavy Jet
Vista (Operated by VistaJet GmbH);Legacy 650;D-AHOI;13;2015;Heavy Jet
Vista (Operated by VistaJet GmbH);Legacy 650;D-AHOS;13;2015;Heavy Jet
Vista (Operated by VistaJet GmbH);Legacy 650;D-AIRG;13;2018;Heavy Jet
Vista (Operated by VistaJet GmbH);Legacy 650;D-AIRZ;13;2019;Heavy Jet
Vista (Operated by VistaJet GmbH);Legacy 650;D-AJET;13;2017;Heavy Jet
Vista (Operated by VistaJet GmbH);Legacy 650;D-ANCE;13;2020;Heavy Jet
Vista (Operated by VistaJet GmbH);Legacy 650;D-ANXA;13;2012;Heavy Jet
Vista (Operated by VistaJet GmbH);Legacy 650;D-AOTE;13;2014;Heavy Jet
Vista (Operated by VistaJet GmbH);Legacy 650;D-ASAP;13;2017;Heavy Jet
Vista (Operated by VistaJet GmbH);Legacy 650;D-ATOP;13;2018;Heavy Jet
Vista (Operated by VistaJet GmbH);Legacy 650;D-AWIN;13;2018;Heavy Jet
Vista (Operated by VistaJet GmbH);Legacy 650;D-AZUR;13;2016;Heavy Jet
VALLJET (Operated by Thalair);Legacy 650;F-HSTB;13;2012;Heavy Jet
Air Charter Scotland;Legacy 650;G-SUGR;13;2014;Heavy Jet
Arab Wings;Legacy 650;JY-CII;13;2011;Heavy Jet
Luxaviation (Operated by Luxaviation Luxembourg);Legacy 650;LX-TRO;13;2011;Heavy Jet
Avcon Jet AG (Operated by Avcon Jet SRL);Legacy 650;T7-888;13;2014;Heavy Jet
Falcon Aviation Services;Legacy 650;T7-FTH;13;2019;Heavy Jet
Midline Aviation Services Br.Midline Investments L.L.C (Operated by Titan Aviation San Marino S.R.L.);Legacy 650;T7-MIDB;13;2015;Heavy Jet
JetPartner (Operated by Genel Havacilik A.S.);Legacy 650;TC-ATS;13;2011;Heavy Jet
Union Aviation;Legacy 650;YL-DAN;13;2014;Heavy Jet
Union Aviation;Legacy 650;YL-ECT;13;2011;Heavy Jet
Union Aviation;Legacy 650;YL-REX;13;2011;Heavy Jet
Toyo Aviation;Legacy 650;YR-TRE;13;2013;Heavy Jet
Diamond Sky;Nextant 400XTi;ES-CMK;8;2013;Light Jet
JetBee Czech s.r.o.;Nextant 400XTi;OK-DJB;8;2015;Light Jet
JetBee Czech s.r.o.;Nextant 400XTi;OK-ESC;7;2012;Light Jet
Time Air;Nextant 400XTi;OK-JFA;6;2017;Light Jet
Time Air;Nextant 400XTi;OK-PPP;6;2015;Light Jet
Time Air;Nextant 400XTi;OK-RAH;5;2012;Light Jet
AFM Aviation (Operated by MC HAVACILIK);Nextant 400XTi;TC-AFM;8;2012;Light Jet
JetPartner (Operated by Quattro Jet Havacilik Tic As);Nextant 400XTi;TC-CDY;7;2013;Light Jet
JetPartner (Operated by Quattro Jet Havacilik Tic As);Nextant 400XTi;TC-DZM;7;2014;Light Jet
BGA Jets (Operated by SOZJET HAVACILIK ANONİM ŞİRKETİ);Nextant 400XTi;TC-OZG;7;2014;Light Jet
Business Jet Aviation GmbH (Operated by Arcus-Air Group);Phenom 100;D-IAAT;4;2010;Entry Level Jet
A-Aviation GmbH (Operated by ProAir Aviation GmbH);Phenom 100;D-ISTP;4;2010;Entry Level Jet
Above Aero AOC Ltd;Phenom 100;G-FABV;4;2010;Entry Level Jet
FCM JETS Group Ltd (Operated by Fly-Coop Ltd.);Phenom 100;HA-EVO;4;2012;Entry Level Jet
FLYZAR;Phenom 100;LV-GQN;6;2012;Entry Level Jet
Alpha Aviation s.r.o.;Phenom 100;OK-VAN;4;2010;Entry Level Jet
Luxwing Ltd;Phenom 100E;9H-HBS;5;2011;Entry Level Jet
Pan Europeenne;Phenom 100E;F-HSBL;5;2015;Entry Level Jet
Vall Wings (Operated by PHS - Premium Aviation and Handling Services, Soc. U.P. Lda);Phenom 100EV;CS-DJI;6;2022;Entry Level Jet
Alpha Aviation s.r.o.;Phenom 100EV;OK-NEO;5;2023;Entry Level Jet
UpStar Aviation;Phenom 100EV;PS-CHZ;9;2021;Entry Level Jet
Windrose Air;Phenom 100EX;D-IHCR;4;2024;Entry Level Jet
Alpine Sky Jets Ltd. (Operated by MJet GmbH);Phenom 100EX;OE-FXI;4;2026;Entry Level Jet
Executive Jet Management Europe;Phenom 300;CSLPA;7;2014;Super Light Jet
Avcon Jet AG (Operated by International Jet Management GmbH);Phenom 300;D-CAAF;9;2016;Super Light Jet
Avcon Jet AG (Operated by International Jet Management GmbH);Phenom 300;D-CAAG;9;2013;Super Light Jet
PAD Aviation Service;Phenom 300;D-CAGA;8;2017;Super Light Jet
SPREE FLUG Luftfahrt GmbH;Phenom 300;D-CAKE;7;2017;Super Light Jet
SPREE FLUG Luftfahrt GmbH;Phenom 300;D-CASH;8;2017;Super Light Jet
PAD Aviation Service;Phenom 300;D-CBBS;8;2016;Super Light Jet
DAS Private Jets GmbH;Phenom 300;D-CDAS;8;2015;Super Light Jet
SPREE FLUG Luftfahrt GmbH;Phenom 300;D-CDMO;8;2018;Super Light Jet
DAS Private Jets GmbH;Phenom 300;D-CFHZ;8;2017;Super Light Jet
Evosky GmbH (Operated by ProAir Aviation GmbH);Phenom 300;D-CHGS;8;2013;Super Light Jet
MHS Aviation GmbH (Operated by Elangeni GmbH);Phenom 300;D-CHMD;7;2017;Super Light Jet
PAD Aviation Service;Phenom 300;D-CLUB;8;2022;Super Light Jet
PAD Aviation Service;Phenom 300;D-CMMP;7;2016;Super Light Jet
PAD Aviation Service;Phenom 300;D-CRUX;8;2025;Super Light Jet
PAD Aviation Service;Phenom 300;D-CSCE;8;2017;Super Light Jet
PAD Aviation Service;Phenom 300;D-CTOR;8;2018;Super Light Jet
Pan Europeenne;Phenom 300;F-HGPE;8;2019;Super Light Jet
SD AVIATION;Phenom 300;F-HLRS;8;2014;Super Light Jet
Luxaviation (Operated by London Executive Aviation);Phenom 300;G-JAGA;7;2013;Super Light Jet
SaxonAir;Phenom 300;G-WZAP;8;2017;Super Light Jet
Diamond jet Ltd. (Operated by Fly-Coop Ltd.);Phenom 300;HA-EMA;8;2014;Super Light Jet
FCM JETS Group Ltd (Operated by Fly-Coop Ltd.);Phenom 300;HA-EMB;8;2012;Super Light Jet
Scanwings;Phenom 300;OH-TFD;9;2022;Super Light Jet
Alpha Aviation s.r.o.;Phenom 300;OK-AML;9;2015;Super Light Jet
Alpha Aviation s.r.o.;Phenom 300;OK-AMR;9;2015;Super Light Jet
Flapper Technologies LLC (Operated by TERRAL TAXI AEREO LTDA dba JETFOR Aviation);Phenom 300;PP-LJA;8;2014;Super Light Jet
Chapman Freeborn Americas (Operated by Brasil Jato Taxi Aereo SA);Phenom 300;PR-BJA;9;2013;Super Light Jet
Lider Taxi Aereo S/A - Air Brasil;Phenom 300;PR-BLS;7;2012;Super Light Jet
ORTAC (AOC) LIMITED;Phenom 300E;2-EMBR;9;2019;Super Light Jet
TAG Aviation UK;Phenom 300E;9H-FLYIN;8;2023;Super Light Jet
DAS Private Jets GmbH;Phenom 300E;D-CKVI;9;2020;Super Light Jet
SPREE FLUG Luftfahrt GmbH;Phenom 300E;D-CLIF;8;2018;Super Light Jet
VALLJET (Operated by AIRLEC AIR ESPACE);Phenom 300E;F-HCHF;8;2026;Super Light Jet
ADM Aviation Executive;Phenom 300E;F-HETA;9;2025;Super Light Jet
SD AVIATION;Phenom 300E;F-HRDG;9;2021;Super Light Jet
Naljets Ltd;Phenom 300E;G-IMTT;9;2026;Super Light Jet
Swiss Private Jet SA;Phenom 300E;HB-VPI;8;2025;Super Light Jet
EGT JET LTD.;Phenom 300E;LZ-EGT;9;2021;Super Light Jet
EGT JET LTD.;Phenom 300E;LZ-FTJ;9;2026;Super Light Jet
EGT JET LTD.;Phenom 300E;LZ-JET;9;2021;Super Light Jet
EGT JET LTD.;Phenom 300E;LZ-JFT;9;2026;Super Light Jet
Haute Aviation AG;Phenom 300E;OE-GTA;8;2021;Super Light Jet
Scanwings;Phenom 300E;OH-TFE;9;2025;Super Light Jet
Elio Jet a.s.;Phenom 300E;OK-ELA;9;2026;Super Light Jet
Elio Jet a.s.;Phenom 300E;OK-ELB;9;2026;Super Light Jet
Elio Jet a.s.;Phenom 300E;OK-ELD;9;2020;Super Light Jet
CTR Atmospherica Aviation a.s.;Phenom 300E;OK-PHA;7;2021;Super Light Jet
CTR Atmospherica Aviation a.s.;Phenom 300E;OK-PHE;7;2022;Super Light Jet
CTR Atmospherica Aviation a.s.;Phenom 300E;OK-PHN;7;2025;Super Light Jet
CTR Atmospherica Aviation a.s.;Phenom 300E;OK-PHO;7;2022;Super Light Jet
CTR Atmospherica Aviation a.s.;Phenom 300E;OK-PHP;7;2025;Super Light Jet
QA Aviation s.r.o.;Phenom 300E;OK-STS;6;2021;Super Light Jet
Blackbird Air  A/S;Phenom 300E;OY-BBL;8;2023;Super Light Jet
MY JET S.R.L.;Phenom 300E;YR-DDN;9;2023;Super Light Jet
AirGO Private Airline Gmbh;Piaggio Avanti EVO;D-IPPY;6;2018;Light Jet
AirGO Private Airline Gmbh;Piaggio Avanti II;D-IRBS;7;2011;Light Jet
Aviostart Ltd;Piaggio Avanti II;LZ-ASO;7;2009;Light Jet
JETFLY AVIATION SA (Operated by Fly 7 Finland Oy);Pilatus PC 12;OH-KBD;6;2026;Turbo Prop
Copenhagen Airtaxi A/S;Pilatus PC 12;OY-GSA;8;2008;Turbo Prop
JETFLY AVIATION SA (Operated by Jetfly Aviation UK);Pilatus PC 12/45;G-OJFB;6;2014;Turbo Prop
Ravenair;Pilatus PC-12 PRO;G-IPDP;8;2025;Turbo Prop
Haute Aviation AG;Pilatus PC-12 PRO;HB-FGF;8;2025;Turbo Prop
Pilart Air GmbH & CO KG (Operated by Skyside GmbH);Pilatus PC-12 PRO;OE-EJH;8;2026;Turbo Prop
JETFLY AVIATION SA (Operated by Fly 7 Finland Oy);Pilatus PC-12 PRO;OH-GEM;6;2025;Turbo Prop
JETFLY AVIATION SA (Operated by Fly 7 Finland Oy);Pilatus PC-12 PRO;OH-TWD;6;2026;Turbo Prop
Alpha Aviation s.r.o.;Pilatus PC-12 PRO;OK-OMG;6;2026;Turbo Prop
Alpha Aviation s.r.o.;Pilatus PC-12 PRO;OK-VNI;7;2025;Turbo Prop
Hans Jet (Operated by Alliance Executive Jets Ltd);Pilatus PC-12/47E (NG);9H-EHA;6;2017;Turbo Prop
Hans Jet (Operated by Alliance Executive Jets Ltd);Pilatus PC-12/47E (NG);9H-EHB;6;2017;Turbo Prop
Flydedicated B.V. (Operated by TJS (Malta) Limited);Pilatus PC-12/47E (NG);9H-WIT;8;2019;Turbo Prop
DAS Private Jets GmbH;Pilatus PC-12/47E (NG);D-FCAR;8;2017;Turbo Prop
Heron Aviation;Pilatus PC-12/47E (NG);D-FPOS;8;2019;Turbo Prop
St Barth Executive;Pilatus PC-12/47E (NG);FOSTB;8;2019;Turbo Prop
JETFLY AVIATION SA (Operated by Jetfly Aviation UK);Pilatus PC-12/47E (NG);G-OJFA;6;2009;Turbo Prop
Oriens Flight Operations Limited;Pilatus PC-12/47E (NG);G-SCLN;6;2017;Turbo Prop
JETFLY AVIATION SA;Pilatus PC-12/47E (NG);LX-FLM;8;2023;Turbo Prop
JETFLY AVIATION SA;Pilatus PC-12/47E (NG);LX-FLS;8;2025;Turbo Prop
JETFLY AVIATION SA;Pilatus PC-12/47E (NG);LX-JFE;8;2018;Turbo Prop
Volea (Operated by Birdbase Aviation GmbH);Pilatus PC-12/47E (NG);OE-EGO;8;2012;Turbo Prop
Volea (Operated by Birdbase Aviation GmbH);Pilatus PC-12/47E (NG);OE-EMS;8;2009;Turbo Prop
JETFLY AVIATION SA (Operated by Fly 7 Finland Oy);Pilatus PC-12/47E (NG);OH-DBM;6;2020;Turbo Prop
JETFLY AVIATION SA (Operated by Fly 7 Finland Oy);Pilatus PC-12/47E (NG);OH-DEN;6;2016;Turbo Prop
JETFLY AVIATION SA (Operated by Fly 7 Finland Oy);Pilatus PC-12/47E (NG);OH-EVE;6;2018;Turbo Prop
JETFLY AVIATION SA (Operated by Fly 7 Finland Oy);Pilatus PC-12/47E (NG);OH-JFM;6;2010;Turbo Prop
JETFLY AVIATION SA (Operated by Fly 7 Finland Oy);Pilatus PC-12/47E (NG);OH-PBL;6;2010;Turbo Prop
JETFLY AVIATION SA (Operated by Fly 7 Finland Oy);Pilatus PC-12/47E (NG);OH-SSS;6;2017;Turbo Prop
JETFLY AVIATION SA (Operated by Fly 7 Finland Oy);Pilatus PC-12/47E (NG);OH-TUA;6;2016;Turbo Prop
Alpha Aviation s.r.o.;Pilatus PC-12/47E (NG);OK-CTI;8;2019;Turbo Prop
Alpha Aviation s.r.o.;Pilatus PC-12/47E (NG);OK-HFH;6;2019;Turbo Prop
Flexflight;Pilatus PC-12/47E (NG);OY-LPF;8;2018;Turbo Prop
Flexflight;Pilatus PC-12/47E (NG);OY-NBS;8;2009;Turbo Prop
Flexflight;Pilatus PC-12/47E (NG);OY-RSE;8;2011;Turbo Prop
SPARFELL Airways SA (Operated by Sparfell Malta Ltd);Pilatus PC-24;9H-APX;8;2018;Super Light Jet
Air Corporate S.R.L.;Pilatus PC-24;9H-CARLO;8;2022;Super Light Jet
Albinati Aeronautics (Operated by Albinati Aviation Ltd);Pilatus PC-24;9H-JAAL;6;2026;Super Light Jet
Druk Asia (Operated by Drukair Corporation Limited);Pilatus PC-24;A5-JUW;8;2025;Super Light Jet
Platoon Aviation;Pilatus PC-24;D-CAMO;8;2026;Super Light Jet
Avinex Aviation GmbH (Operated by Air Alliance Aviation GmbH);Pilatus PC-24;D-CAPM;8;2025;Super Light Jet
Platoon Aviation;Pilatus PC-24;D-CFBL;8;2025;Super Light Jet
Star Wings GmbH;Pilatus PC-24;D-CFGT;7;2025;Super Light Jet
Platoon Aviation;Pilatus PC-24;D-CHMS;8;2021;Super Light Jet
Air Independence;Pilatus PC-24;D-CJBH;8;2019;Super Light Jet
Platoon Aviation;Pilatus PC-24;D-CJMS;8;2022;Super Light Jet
Platoon Aviation;Pilatus PC-24;D-CMSL;8;2022;Super Light Jet
Skyside GmbH;Pilatus PC-24;D-CNMO;6;2021;Super Light Jet
Platoon Aviation;Pilatus PC-24;D-COIN;8;2024;Super Light Jet
Platoon Aviation;Pilatus PC-24;D-COPI;8;2023;Super Light Jet
Platoon Aviation;Pilatus PC-24;D-COPS;8;2024;Super Light Jet
Platoon Aviation;Pilatus PC-24;D-CPTN;8;2023;Super Light Jet
Platoon Aviation;Pilatus PC-24;D-CSLS;8;2025;Super Light Jet
Volkswagen AirService GmbH;Pilatus PC-24;D-CVAA;8;2019;Super Light Jet
Platoon Aviation;Pilatus PC-24;D-CVMS;8;2021;Super Light Jet
Gestair;Pilatus PC-24;EC-NRA;7;2022;Super Light Jet
Stellaer 212;Pilatus PC-24;EI-RGO;6;2026;Super Light Jet
Stellaer 212;Pilatus PC-24;EJ-MACK;8;2025;Super Light Jet
FLYINGGROUP;Pilatus PC-24;F-HGCP;8;2020;Super Light Jet
The Little Jet Company Ltd (Operated by Regency Jet Limited);Pilatus PC-24;G-PAMH;8;2021;Super Light Jet
Silver Aviation (Operated by 247 Aviation Limited);Pilatus PC-24;G-SLVA;8;2024;Super Light Jet
TAG Aviation UK;Pilatus PC-24;G-YSSS;8;2023;Super Light Jet
CAT Aviation AG;Pilatus PC-24;HB-VGA;7;2023;Super Light Jet
CAT Aviation AG;Pilatus PC-24;HB-VGB;6;2021;Super Light Jet
Global Jet Luxembourg S.A.;Pilatus PC-24;LX-AND;6;2020;Super Light Jet
FLYINGGROUP;Pilatus PC-24;LX-FBC;6;2024;Super Light Jet
FLYINGGROUP;Pilatus PC-24;LX-KHH;8;2023;Super Light Jet
JETFLY AVIATION SA;Pilatus PC-24;LX-PCC;8;2019;Super Light Jet
JETFLY AVIATION SA;Pilatus PC-24;LX-PCL;8;2023;Super Light Jet
JETFLY AVIATION SA;Pilatus PC-24;LX-PCM;8;2025;Super Light Jet
FLYINGGROUP;Pilatus PC-24;LX-REK;8;2024;Super Light Jet
JETFLY AVIATION SA;Pilatus PC-24;LX-RIM;8;2021;Super Light Jet
JETFLY AVIATION SA;Pilatus PC-24;LX-ROI;8;2020;Super Light Jet
JETFLY AVIATION SA;Pilatus PC-24;LX-ZAP;8;2023;Super Light Jet
Platoon Aviation;Pilatus PC-24;OE-GLB;8;2019;Super Light Jet
OK Aviation Wings s.r.o.;Pilatus PC-24;OK-EBT;8;2021;Super Light Jet
OK Aviation Wings s.r.o.;Pilatus PC-24;OK-TBE;8;2024;Super Light Jet
Jet Story;Pilatus PC-24;SP-NOC;7;2025;Super Light Jet
Hans Jet (Operated by Alliance Executive Jets Ltd);Pilatus PC12 NGX;9H-EHC;6;2023;Turbo Prop
JETLIFE-AVIATION GmbH (Operated by ProAir Aviation GmbH);Pilatus PC12 NGX;D-FABJ;8;2023;Turbo Prop
Air Independence;Pilatus PC12 NGX;D-FCMS;6;2024;Turbo Prop
Star Wings GmbH;Pilatus PC12 NGX;D-FDGA;6;2020;Turbo Prop
JETLIFE-AVIATION GmbH (Operated by ProAir Aviation GmbH);Pilatus PC12 NGX;D-FEBJ;8;2021;Turbo Prop
JETLIFE-AVIATION GmbH (Operated by ProAir Aviation GmbH);Pilatus PC12 NGX;D-FEEL;8;2022;Turbo Prop
Arcus-Air Group;Pilatus PC12 NGX;D-FFMK;6;2020;Turbo Prop
Skywalker GmbH (Operated by ProAir Aviation GmbH);Pilatus PC12 NGX;D-FHOT;8;2024;Turbo Prop
Air Independence;Pilatus PC12 NGX;D-FINO;6;2024;Turbo Prop
Skywalker GmbH (Operated by ProAir Aviation GmbH);Pilatus PC12 NGX;D-FIRE;8;2023;Turbo Prop
JETLIFE-AVIATION GmbH (Operated by ProAir Aviation GmbH);Pilatus PC12 NGX;D-FOOD;8;2025;Turbo Prop
Evosky GmbH (Operated by ProAir Aviation GmbH);Pilatus PC12 NGX;D-FRRR;8;2024;Turbo Prop
Stellaer 212;Pilatus PC12 NGX;EI-NGX;6;2025;Turbo Prop
St Barth Executive;Pilatus PC12 NGX;FONGX;8;2022;Turbo Prop
Jet Assist Ltd (Operated by 247 Aviation Limited);Pilatus PC12 NGX;G-ISJE;8;2022;Turbo Prop
Silver Aviation (Operated by 247 Aviation Limited);Pilatus PC12 NGX;G-MDSE;8;2023;Turbo Prop
Haute Aviation AG;Pilatus PC12 NGX;HB-FGA;8;2023;Turbo Prop
Air Corviglia AG;Pilatus PC12 NGX;HB-FJJ;8;2025;Turbo Prop
Haute Aviation AG;Pilatus PC12 NGX;HB-FUU;8;2020;Turbo Prop
Pilart Air GmbH & CO KG (Operated by Skyside GmbH);Pilatus PC12 NGX;OE-EJJ;8;2022;Turbo Prop
Goldeck-Flug;Pilatus PC12 NGX;OE-EPZ;6;2023;Turbo Prop
JETFLY AVIATION SA (Operated by Fly 7 Finland Oy);Pilatus PC12 NGX;OH-DDK;6;2025;Turbo Prop
JETFLY AVIATION SA (Operated by Fly 7 Finland Oy);Pilatus PC12 NGX;OH-FDI;8;2023;Turbo Prop
JETFLY AVIATION SA (Operated by Fly 7 Finland Oy);Pilatus PC12 NGX;OH-FUK;6;2023;Turbo Prop
JETFLY AVIATION SA (Operated by Fly 7 Finland Oy);Pilatus PC12 NGX;OH-GVS;6;2017;Turbo Prop
JETFLY AVIATION SA (Operated by Fly 7 Finland Oy);Pilatus PC12 NGX;OH-MAN;6;2022;Turbo Prop
JETFLY AVIATION SA (Operated by Fly 7 Finland Oy);Pilatus PC12 NGX;OH-RDS;6;2023;Turbo Prop
JETFLY AVIATION SA (Operated by Fly 7 Finland Oy);Pilatus PC12 NGX;OH-RJD;6;2022;Turbo Prop
Scanwings;Pilatus PC12 NGX;OH-TFB;8;2020;Turbo Prop
Nextair (Operated by Fly 7 Finland Oy);Pilatus PC12 NGX;OH-VAD;7;2020;Turbo Prop
Alpha Aviation s.r.o.;Pilatus PC12 NGX;OK-CER;7;2024;Turbo Prop
Alpha Aviation s.r.o.;Pilatus PC12 NGX;OK-HAP;8;2021;Turbo Prop
Alpha Aviation s.r.o.;Pilatus PC12 NGX;OK-JKP;8;2022;Turbo Prop
Alpha Aviation s.r.o.;Pilatus PC12 NGX;OK-MXM;8;2023;Turbo Prop
Alpha Aviation s.r.o.;Pilatus PC12 NGX;OK-OUT;8;2024;Turbo Prop
Alpha Aviation s.r.o.;Pilatus PC12 NGX;OK-PMP;8;2021;Turbo Prop
JetForTrip s.r.o.;Pilatus PC12 NGX;OK-PVN;8;2020;Turbo Prop
Alpha Aviation s.r.o.;Pilatus PC12 NGX;OK-SAG;6;2023;Turbo Prop
Alpha Aviation s.r.o.;Pilatus PC12 NGX;OK-TKJ;8;2021;Turbo Prop
Sentient Jet (Operated by Flexjet Operations Malta LTD);Praetor 600;9H-IFX;9;2020;Super Midsize Jet
Executive Jet Management Europe;Praetor 600;CSEFC;9;2022;Super Midsize Jet
MHS Aviation GmbH;Praetor 600;D-BGFN;6;2019;Super Midsize Jet
Luxaviation (Operated by London Executive Aviation);Praetor 600;G-ENRG;9;2020;Super Midsize Jet
Luxaviation (Operated by London Executive Aviation);Praetor 600;G-LZIE;9;2025;Super Midsize Jet
Luxaviation (Operated by London Executive Aviation);Praetor 600;G-LZRI;9;2023;Super Midsize Jet
VOLUXIS;Praetor 600;G-RNDX;7;2022;Super Midsize Jet
Sentient Jet (Operated by FLEXJET Operations Limited);Praetor 600;G-RORE;9;2023;Super Midsize Jet
Albinati Aeronautics;Praetor 600;HB-JET;6;2026;Super Midsize Jet
SPARFELL Luftfahrt GmbH;Praetor 600;OE-HBH;9;2025;Super Midsize Jet
SPARFELL Airways SA (Operated by SPARFELL Luftfahrt GmbH);Praetor 600;OE-HPL;9;2019;Super Midsize Jet
Avcon Jet AG (Operated by International Jet Management GmbH);Praetor 600;OE-HSX;9;2021;Super Midsize Jet
Scanwings;Praetor 600;OH-TFC;10;2023;Super Midsize Jet
CTR Atmospherica Jets s.r.o.;Praetor 600;OK-PRF;9;2024;Super Midsize Jet
CTR Atmospherica Jets s.r.o.;Praetor 600;OK-PRJ;9;2025;Super Midsize Jet
Jet Story;Praetor 600;SP-EFF;9;2025;Super Midsize Jet
AMC Aviation;Praetor 600;SP-GMS;9;2024;Super Midsize Jet
FAS Finow Air Service GmbH;Premier I;D-IETB;6;2003;Light Jet
PARADOX JETS LTD;Premier I;LZ-EUR;6;2003;Light Jet
PARADOX JETS LTD;Premier I;LZ-LUX;6;2003;Light Jet
PARADOX JETS LTD;Premier I;LZ-PDM;6;2005;Light Jet
SKYJETS EUROPE (Operated by Tatra JET s.r.o.);Premier I;OM-GLE;6;2007;Light Jet
Tatra JET s.r.o.;Premier I;OM-TAA;6;2006;Light Jet
Fly Away Boutique Aviation;Premier IA;D-ICAB;6;2008;Light Jet
Fly Away Boutique Aviation;Premier IA;D-IDBA;6;2006;Light Jet
Peak air GmbH;Premier IA;D-IGST;5;2006;Light Jet
Peak air GmbH;Premier IA;D-ISAG;5;2007;Light Jet
Exxaero Fleet B.V. (Operated by Exxaero GmbH);Premier IA;D-ITOC;6;2007;Light Jet
Italfly;Premier IA;I-AFOI;6;2008;Light Jet
Magna Aviation (Operated by Air Intersalonika);Premier IA;SX-MKG;6;2007;Light Jet
FROST (Operated by FROST Air ApS);Saab 2000;OY-FSB;50;1996;Airliner
FROST (Operated by FROST Air ApS);Saab 2000;OY-FSC;50;1995;Airliner
FROST (Operated by FROST Air ApS);Saab 2000;OY-FSD;50;1996;Airliner
FROST (Operated by FROST Air ApS);Saab 2000;OY-FSE;50;1997;Airliner
Sentient Jet (Operated by FLEXJET Operations Limited);Sikorsky S-76 C++;G-FXVA;8;2007;Helicopter
Sentient Jet (Operated by FLEXJET Operations Limited);Sikorsky S-92;G-FXCT;16;2004;Helicopter